,Id,MSSubClass,MSZoning,LotFrontage,LotArea,Street,Alley,LotShape,LandContour,Utilities,LotConfig,LandSlope,Neighborhood,Condition1,Condition2,BldgType,HouseStyle,OverallQual,OverallCond,YearBuilt,YearRemodAdd,RoofStyle,RoofMatl,Exterior1st,Exterior2nd,MasVnrType,MasVnrArea,ExterQual,ExterCond,Foundation,BsmtQual,BsmtCond,BsmtExposure,BsmtFinType1,BsmtFinSF1,BsmtFinType2,BsmtFinSF2,BsmtUnfSF,TotalBsmtSF,Heating,HeatingQC,CentralAir,Electrical,1stFlrSF,2ndFlrSF,LowQualFinSF,GrLivArea,BsmtFullBath,BsmtHalfBath,FullBath,HalfBath,BedroomAbvGr,KitchenAbvGr,KitchenQual,TotRmsAbvGrd,Functional,Fireplaces,FireplaceQu,GarageType,GarageYrBlt,GarageFinish,GarageCars,GarageArea,GarageQual,GarageCond,PavedDrive,WoodDeckSF,OpenPorchSF,EnclosedPorch,3SsnPorch,ScreenPorch,PoolArea,PoolQC,Fence,MiscFeature,MiscVal,MoSold,YrSold,SaleType,SaleCondition,SalePrice
863,864,20,RL,70.0,7931,Pave,,Reg,Lvl,AllPub,Inside,Gtl,NAmes,Norm,Norm,1Fam,1Story,5,5,1959,1959,Hip,CompShg,BrkFace,Plywood,None,0.0,TA,TA,CBlock,TA,TA,No,BLQ,1148,Unf,0,0,1148,GasA,TA,Y,SBrkr,1148,0,0,1148,1,0,1,0,3,1,TA,6,Typ,0,,Attchd,1959.0,Unf,1,672,TA,TA,Y,0,0,0,0,0,0,,GdPrv,,0,7,2009,WD,Normal,132500
297,298,60,FV,66.0,7399,Pave,Pave,IR1,Lvl,AllPub,Inside,Gtl,Somerst,Norm,Norm,1Fam,2Story,7,5,1997,1998,Hip,CompShg,VinylSd,VinylSd,BrkFace,1600.0,Gd,TA,PConc,Gd,TA,No,BLQ,649,Unf,0,326,975,GasA,Ex,Y,SBrkr,975,975,0,1950,0,0,2,1,3,1,Gd,7,Typ,1,TA,Detchd,1997.0,RFn,2,576,TA,TA,Y,0,10,0,0,198,0,,,,0,6,2007,WD,Normal,239000
890,891,50,RL,60.0,8064,Pave,,Reg,Lvl,AllPub,Corner,Gtl,NAmes,Artery,Norm,1Fam,1.5Fin,5,7,1949,2006,Gable,CompShg,MetalSd,MetalSd,None,0.0,TA,Gd,CBlock,TA,TA,Mn,Unf,0,Unf,0,672,672,GasA,Ex,Y,SBrkr,672,252,0,924,0,0,1,0,3,1,TA,6,Typ,1,Po,Detchd,2003.0,Unf,2,576,TA,TA,Y,0,0,0,0,0,0,,MnPrv,Shed,2000,7,2007,WD,Normal,122900
969,970,190,RL,75.0,10382,Pave,,Reg,Lvl,AllPub,Inside,Gtl,NAmes,Norm,Norm,2fmCon,SLvl,6,5,1958,1958,Hip,CompShg,HdBoard,HdBoard,BrkFace,105.0,TA,Fa,CBlock,TA,TA,Gd,ALQ,513,Unf,0,75,588,GasA,TA,Y,SBrkr,1095,0,0,1095,1,0,1,0,2,1,TA,6,Typ,0,,Attchd,1958.0,RFn,1,264,TA,TA,Y,0,0,0,0,0,0,,,,0,3,2006,ConLD,Normal,140000
1287,1288,20,RL,,36500,Pave,,IR1,Low,AllPub,Inside,Mod,ClearCr,Norm,Norm,1Fam,1Story,5,5,1964,1964,Gable,CompShg,Wd Sdng,Wd Sdng,BrkCmn,621.0,TA,Gd,CBlock,TA,TA,Av,Rec,812,Unf,0,812,1624,GasA,Fa,Y,SBrkr,1582,0,0,1582,0,1,2,0,4,1,TA,7,Typ,0,,Attchd,1964.0,Unf,2,390,TA,TA,N,168,198,0,0,0,0,,,,0,6,2006,WD,Normal,190000
893,894,20,RL,,13284,Pave,,Reg,Lvl,AllPub,Inside,Gtl,Sawyer,PosN,Norm,1Fam,1Story,5,5,1954,1954,Gable,CompShg,Wd Sdng,Plywood,None,0.0,TA,TA,PConc,Gd,TA,Mn,BLQ,1064,Unf,0,319,1383,GasA,TA,Y,SBrkr,1383,0,0,1383,1,0,1,0,3,1,TA,6,Typ,1,Gd,Attchd,1954.0,Unf,1,354,TA,TA,Y,511,116,0,0,0,0,,GdPrv,,0,6,2008,WD,Normal,165000
1031,1032,75,RL,102.0,15863,Pave,,Reg,Lvl,AllPub,Corner,Gtl,SWISU,Norm,Norm,1Fam,2.5Fin,7,3,1920,1970,Gable,CompShg,Wd Sdng,Plywood,None,0.0,TA,TA,BrkTil,TA,TA,No,GLQ,523,Unf,0,301,824,GasA,Ex,Y,SBrkr,1687,998,397,3082,1,0,2,1,5,1,TA,12,Typ,2,TA,Basment,1970.0,Fin,2,672,TA,TA,Y,136,63,0,0,0,0,,,,0,8,2009,WD,Normal,197000
312,313,190,RM,65.0,7800,Pave,,Reg,Lvl,AllPub,Inside,Gtl,OldTown,Artery,Norm,2fmCon,1.5Fin,5,7,1939,1950,Gable,CompShg,MetalSd,MetalSd,None,0.0,TA,TA,CBlock,Gd,TA,Mn,Rec,507,Unf,0,286,793,GasA,TA,Y,SBrkr,793,325,0,1118,1,0,1,0,3,1,TA,5,Typ,1,Gd,Detchd,1939.0,Unf,2,410,TA,TA,Y,0,0,0,0,271,0,,MnPrv,,0,5,2006,WD,Normal,119900
410,411,20,RL,68.0,9571,Pave,,Reg,Lvl,AllPub,Inside,Gtl,Edwards,Norm,Norm,1Fam,1Story,5,3,1958,1958,Gable,CompShg,BrkComm,Brk Cmn,None,0.0,TA,Fa,CBlock,TA,Fa,No,Unf,0,Unf,0,1276,1276,GasA,TA,Y,FuseA,1276,0,0,1276,0,0,1,0,3,1,TA,5,Mod,0,,Attchd,1958.0,Unf,1,350,TA,TA,Y,0,0,0,0,0,0,,,,0,6,2009,COD,Abnorml,60000
714,715,60,RL,,13517,Pave,,IR1,Lvl,AllPub,CulDSac,Gtl,Sawyer,RRAe,Norm,1Fam,2Story,6,8,1976,2005,Gable,CompShg,HdBoard,Plywood,BrkFace,289.0,Gd,TA,CBlock,TA,TA,No,GLQ,533,Unf,0,192,725,GasA,Ex,Y,SBrkr,725,754,0,1479,0,0,2,1,3,1,Gd,6,Typ,0,,Attchd,1976.0,RFn,2,475,TA,TA,Y,0,44,0,0,0,0,,,,0,3,2010,WD,Normal,130500
583,584,75,RM,75.0,13500,Pave,,Reg,Lvl,AllPub,Inside,Gtl,OldTown,Artery,PosA,1Fam,2.5Unf,10,9,1893,2000,Gable,CompShg,Wd Sdng,Wd Sdng,None,0.0,Ex,Ex,BrkTil,TA,TA,No,Unf,0,Unf,0,1237,1237,GasA,Gd,Y,SBrkr,1521,1254,0,2775,0,0,3,1,3,1,Gd,9,Typ,1,Gd,Detchd,1988.0,Unf,2,880,Gd,TA,Y,105,502,0,0,0,0,,,,0,7,2008,WD,Normal,325000
779,780,90,RL,78.0,10530,Pave,,Reg,Lvl,AllPub,Inside,Gtl,Mitchel,Norm,Norm,Duplex,SFoyer,6,5,1977,1977,Gable,CompShg,Plywood,ImStucc,BrkFace,90.0,TA,TA,CBlock,Gd,TA,Gd,GLQ,975,Unf,0,0,975,GasA,TA,Y,SBrkr,1004,0,0,1004,1,0,1,0,2,1,TA,4,Typ,0,,Attchd,1977.0,Unf,2,504,TA,TA,Y,0,0,0,0,0,0,,,,0,5,2006,WD,Normal,135000
624,625,60,RL,80.0,10400,Pave,,Reg,Lvl,AllPub,Inside,Gtl,NWAmes,Norm,Norm,1Fam,2Story,6,5,1972,1972,Gable,CompShg,VinylSd,VinylSd,None,288.0,TA,TA,CBlock,TA,TA,No,Rec,247,Unf,0,485,732,GasA,Gd,Y,SBrkr,1012,778,0,1790,1,0,1,2,4,1,TA,8,Min2,1,TA,Attchd,1972.0,RFn,2,484,TA,TA,Y,148,0,0,0,147,0,,,,0,11,2006,WD,Normal,165150
450,451,30,RM,70.0,5684,Pave,,Reg,Lvl,AllPub,Inside,Gtl,OldTown,Norm,Norm,1Fam,1Story,6,8,1930,2005,Hip,CompShg,Wd Sdng,Wd Sdng,None,0.0,TA,TA,BrkTil,TA,TA,No,Unf,0,Unf,0,813,813,GasA,Ex,Y,FuseA,813,0,0,813,0,0,1,0,2,1,Gd,5,Typ,0,,Detchd,1932.0,Unf,1,270,Fa,Fa,N,0,113,0,0,0,0,,,,0,6,2006,WD,Normal,110000
1085,1086,85,RL,73.0,9069,Pave,,Reg,Lvl,AllPub,Inside,Gtl,SawyerW,Norm,Norm,1Fam,SFoyer,6,6,1992,1992,Gable,CompShg,HdBoard,HdBoard,None,0.0,TA,TA,PConc,Gd,TA,Av,GLQ,747,Unf,0,189,936,GasA,Ex,Y,SBrkr,996,0,0,996,1,0,1,0,2,1,Gd,5,Typ,0,,Attchd,1992.0,Unf,2,564,TA,TA,Y,120,0,0,0,0,0,,,,0,4,2010,WD,Normal,147000
348,349,160,RL,36.0,2448,Pave,,Reg,Lvl,AllPub,Inside,Gtl,NridgHt,Norm,Norm,Twnhs,2Story,7,5,2003,2004,Gable,CompShg,VinylSd,Wd Shng,Stone,106.0,Gd,TA,PConc,Gd,TA,No,GLQ,573,Unf,0,191,764,GasA,Ex,Y,SBrkr,764,862,0,1626,1,0,2,1,2,1,Gd,6,Typ,0,,BuiltIn,2003.0,RFn,2,474,TA,TA,Y,0,27,0,0,0,0,,,,0,10,2008,WD,Normal,154000
90,91,20,RL,60.0,7200,Pave,,Reg,Lvl,AllPub,Inside,Gtl,NAmes,Norm,Norm,1Fam,1Story,4,5,1950,1950,Gable,CompShg,BrkFace,Wd Sdng,None,0.0,TA,TA,Slab,,,,,0,,0,0,0,GasA,TA,Y,FuseA,1040,0,0,1040,0,0,1,0,2,1,TA,4,Typ,0,,Detchd,1950.0,Unf,2,420,TA,TA,Y,0,29,0,0,0,0,,,,0,7,2006,WD,Normal,109900
346,347,20,RL,,12772,Pave,,IR1,Lvl,AllPub,CulDSac,Gtl,NAmes,Norm,Norm,1Fam,1Story,6,8,1960,1998,Hip,CompShg,MetalSd,MetalSd,None,0.0,TA,Gd,CBlock,TA,TA,Mn,BLQ,498,Unf,0,460,958,GasA,TA,Y,SBrkr,958,0,0,958,0,0,1,0,2,1,TA,5,Typ,0,,Attchd,1960.0,RFn,1,301,TA,TA,Y,0,0,0,0,0,0,,,Gar2,15500,4,2007,WD,Normal,151500
519,520,70,RL,53.0,10918,Pave,,Reg,Lvl,AllPub,Inside,Gtl,Crawfor,Norm,Norm,1Fam,2Story,7,9,1926,2004,Gambrel,CompShg,MetalSd,MetalSd,None,0.0,Gd,TA,BrkTil,Gd,TA,No,Unf,0,Unf,0,1276,1276,GasA,Ex,Y,SBrkr,1276,804,0,2080,0,0,1,1,3,1,Gd,9,Typ,2,Gd,Detchd,1926.0,Unf,1,282,TA,TA,Y,0,0,0,0,145,0,,MnPrv,,0,6,2009,WD,Normal,234000
781,782,60,RL,65.0,7153,Pave,,Reg,Lvl,AllPub,Inside,Gtl,SawyerW,Norm,Norm,1Fam,2Story,6,5,1992,1992,Gable,CompShg,VinylSd,VinylSd,None,0.0,Gd,Gd,PConc,Gd,TA,No,ALQ,387,Unf,0,374,761,GasA,Ex,Y,SBrkr,810,793,0,1603,0,0,2,1,3,1,Gd,7,Typ,0,,Attchd,1992.0,RFn,2,484,TA,TA,Y,0,124,0,0,0,0,,,,0,7,2006,WD,Normal,175900
773,774,20,RL,70.0,10150,Pave,,Reg,Lvl,AllPub,Inside,Gtl,NAmes,Feedr,Norm,1Fam,1Story,5,5,1958,1958,Gable,CompShg,Wd Sdng,Wd Sdng,None,1.0,TA,TA,CBlock,TA,TA,No,Rec,456,Unf,0,456,912,GasA,Ex,Y,FuseA,912,0,0,912,0,0,1,0,2,1,TA,5,Typ,0,,Attchd,1958.0,RFn,1,275,TA,TA,Y,0,0,0,0,0,0,,,,0,7,2007,COD,Normal,114500
1384,1385,50,RL,60.0,9060,Pave,,Reg,Lvl,AllPub,Inside,Gtl,Edwards,Norm,Norm,1Fam,1.5Fin,6,5,1939,1950,Gable,CompShg,WdShing,Wd Shng,None,0.0,TA,TA,BrkTil,TA,TA,Mn,Rec,204,Unf,0,356,560,GasA,TA,Y,SBrkr,698,560,0,1258,0,0,1,0,2,1,TA,6,Typ,0,,Detchd,1939.0,Unf,1,280,TA,TA,P,0,0,0,0,0,0,,MnPrv,,0,10,2009,WD,Normal,105000
767,768,50,RL,75.0,12508,Pave,,IR1,Lvl,AllPub,Inside,Gtl,Mitchel,Norm,Norm,1Fam,1.5Fin,6,7,1940,1985,Gable,CompShg,VinylSd,VinylSd,None,0.0,TA,TA,CBlock,Gd,TA,Mn,ALQ,660,Unf,0,323,983,GasA,Ex,Y,SBrkr,983,767,0,1750,1,0,2,0,4,1,TA,7,Mod,0,,Attchd,1989.0,Unf,1,423,TA,TA,Y,245,0,156,0,0,0,,,Shed,1300,7,2008,WD,Normal,160000
1427,1428,50,RL,60.0,10930,Pave,Grvl,Reg,Bnk,AllPub,Inside,Gtl,NAmes,Artery,Norm,1Fam,1.5Fin,5,6,1945,1950,Gable,CompShg,MetalSd,MetalSd,None,0.0,TA,TA,CBlock,TA,TA,No,BLQ,580,Unf,0,333,913,GasA,TA,Y,FuseA,1048,510,0,1558,1,0,1,1,3,1,TA,6,Typ,1,TA,Attchd,1962.0,Unf,1,288,TA,TA,Y,0,0,0,0,0,0,,,,0,4,2008,WD,Normal,140000
942,943,90,RL,42.0,7711,Pave,,IR1,Lvl,AllPub,Inside,Gtl,Edwards,Norm,Norm,Duplex,1Story,4,3,1977,1977,Gable,CompShg,MetalSd,MetalSd,None,0.0,TA,TA,PConc,Gd,TA,Gd,GLQ,1440,Unf,0,0,1440,GasA,TA,Y,SBrkr,1440,0,0,1440,2,0,2,0,4,2,TA,8,Typ,0,,,,,0,0,,,N,321,0,0,0,0,0,,,,0,8,2007,Oth,Abnorml,150000
685,686,160,RL,,5062,Pave,,IR1,Lvl,AllPub,CulDSac,Gtl,StoneBr,Norm,Norm,TwnhsE,2Story,7,5,1984,1984,Gable,CompShg,HdBoard,HdBoard,None,0.0,Gd,TA,CBlock,Gd,TA,Mn,GLQ,828,LwQ,182,180,1190,GasA,Gd,Y,SBrkr,1190,900,0,2090,1,0,2,0,3,1,Gd,6,Min1,1,TA,Attchd,1984.0,Fin,2,577,TA,TA,Y,219,0,0,0,0,0,,,,0,9,2007,WD,Normal,207500
1150,1151,20,RL,57.0,8280,Pave,,IR1,Lvl,AllPub,Inside,Gtl,NAmes,Norm,Norm,1Fam,1Story,6,5,1950,1950,Gable,CompShg,BrkFace,BrkFace,None,0.0,TA,TA,CBlock,TA,TA,No,Unf,0,Unf,0,932,932,GasA,Ex,Y,FuseA,932,0,0,932,0,0,1,0,2,1,Gd,4,Typ,1,Gd,Attchd,1950.0,Unf,1,306,TA,TA,Y,0,0,214,0,0,0,,GdPrv,,0,11,2007,WD,Normal,124000
1060,1061,120,RL,41.0,4920,Pave,,Reg,Lvl,AllPub,Inside,Gtl,StoneBr,Norm,Norm,TwnhsE,1Story,8,5,2001,2001,Gable,CompShg,CemntBd,CmentBd,None,0.0,Gd,TA,PConc,Gd,TA,Mn,GLQ,616,Unf,0,722,1338,GasA,Ex,Y,SBrkr,1338,0,0,1338,1,0,2,0,2,1,Gd,6,Typ,0,,Attchd,2001.0,Fin,2,582,TA,TA,Y,0,0,170,0,0,0,,,,0,4,2010,WD,Normal,213500
247,248,20,RL,75.0,11310,Pave,,Reg,Lvl,AllPub,Inside,Gtl,NAmes,Norm,Norm,1Fam,1Story,6,5,1954,1954,Hip,CompShg,Wd Sdng,BrkFace,None,0.0,TA,TA,CBlock,TA,TA,No,Unf,0,Unf,0,1367,1367,GasA,Ex,Y,SBrkr,1375,0,0,1375,0,0,1,0,2,1,TA,5,Typ,1,TA,Attchd,1954.0,Unf,2,451,TA,TA,Y,0,30,0,0,0,0,,,,0,6,2006,WD,Normal,140000
1115,1116,20,RL,93.0,12085,Pave,,Reg,Lvl,AllPub,Inside,Gtl,NridgHt,Norm,Norm,1Fam,1Story,8,5,2007,2007,Hip,CompShg,VinylSd,VinylSd,Stone,328.0,Gd,TA,PConc,Ex,TA,No,GLQ,1004,Unf,0,730,1734,GasA,Ex,Y,SBrkr,1734,0,0,1734,1,0,2,0,3,1,Ex,7,Typ,1,Gd,Attchd,2007.0,RFn,3,928,TA,TA,Y,0,0,0,0,0,0,,,,0,11,2007,New,Partial,318000
1051,1052,20,RL,103.0,11175,Pave,,IR1,Lvl,AllPub,Corner,Gtl,CollgCr,Norm,Norm,1Fam,1Story,7,5,2007,2007,Gable,CompShg,VinylSd,VinylSd,None,0.0,Gd,TA,PConc,Gd,TA,Av,Unf,0,Unf,0,1316,1316,GasA,Ex,Y,SBrkr,1316,0,0,1316,0,0,2,0,3,1,Gd,6,Typ,1,Gd,Attchd,2007.0,Fin,2,440,TA,TA,Y,0,20,0,0,0,0,,,,0,10,2007,New,Partial,200141
694,695,50,RM,51.0,6120,Pave,,Reg,Lvl,AllPub,Corner,Gtl,BrkSide,Norm,Norm,1Fam,1.5Fin,5,6,1936,1950,Gable,CompShg,Wd Sdng,Wd Sdng,None,0.0,TA,Fa,BrkTil,TA,TA,No,Unf,0,Unf,0,927,927,GasA,TA,Y,SBrkr,1067,472,0,1539,0,0,1,1,3,1,TA,5,Typ,0,,Detchd,1995.0,Unf,2,576,TA,TA,Y,112,0,0,0,0,0,,MnPrv,,0,4,2009,WD,Normal,141500
805,806,20,RL,91.0,12274,Pave,,IR1,Lvl,AllPub,FR2,Gtl,Somerst,Norm,Norm,1Fam,1Story,7,5,2008,2008,Gable,CompShg,VinylSd,VinylSd,Stone,256.0,Gd,TA,PConc,Gd,TA,No,Unf,0,Unf,0,1417,1417,GasA,Ex,Y,SBrkr,1428,0,0,1428,0,0,2,0,3,1,Ex,6,Typ,0,,Attchd,2008.0,RFn,2,554,TA,TA,Y,0,60,0,0,0,0,,,,0,7,2008,New,Partial,227680
183,184,50,RM,63.0,11426,Pave,,Reg,Lvl,AllPub,Inside,Gtl,OldTown,Norm,Norm,1Fam,1.5Fin,7,5,2003,2003,Gable,CompShg,VinylSd,VinylSd,None,0.0,TA,TA,PConc,Gd,TA,No,Unf,0,Unf,0,1362,1362,GasA,Ex,Y,SBrkr,1362,720,0,2082,0,0,2,1,3,1,Gd,6,Mod,0,,Detchd,2003.0,Unf,2,484,TA,TA,N,280,238,0,0,0,0,,,,0,6,2008,WD,Normal,200000
753,754,60,RL,80.0,10240,Pave,,Reg,Lvl,AllPub,Inside,Gtl,NridgHt,Norm,Norm,1Fam,2Story,8,5,2005,2005,Gable,CompShg,VinylSd,VinylSd,BrkFace,178.0,Gd,TA,PConc,Gd,TA,Mn,Unf,0,Unf,0,1030,1030,GasA,Gd,Y,SBrkr,1038,1060,0,2098,0,0,2,1,3,1,Ex,8,Typ,1,Gd,Attchd,2005.0,RFn,3,878,TA,TA,Y,192,52,0,0,0,0,,,,0,3,2006,WD,Normal,275500
1273,1274,80,RL,124.0,11512,Pave,,IR1,Lvl,AllPub,Corner,Gtl,Edwards,Norm,Norm,1Fam,SLvl,6,7,1959,2006,Gable,CompShg,Plywood,Plywood,BrkFace,84.0,TA,TA,CBlock,TA,TA,Av,ALQ,719,Unf,0,300,1019,GasA,Gd,Y,SBrkr,1357,0,0,1357,1,0,1,0,2,1,Ex,5,Typ,1,Gd,Basment,1959.0,RFn,1,312,TA,TA,Y,0,0,0,0,163,0,,GdPrv,,0,5,2008,WD,Normal,177000
1368,1369,120,RM,,4435,Pave,,Reg,Lvl,AllPub,Inside,Gtl,CollgCr,Norm,Norm,TwnhsE,1Story,6,5,2003,2004,Gable,CompShg,VinylSd,VinylSd,BrkFace,170.0,Gd,TA,PConc,Gd,TA,Av,GLQ,685,Unf,0,163,848,GasA,Ex,Y,SBrkr,848,0,0,848,1,0,1,0,1,1,Gd,4,Typ,0,,Attchd,2003.0,Fin,2,420,TA,TA,Y,140,0,0,0,0,0,,,,0,6,2009,WD,Normal,144000
165,166,190,RL,62.0,10106,Pave,,Reg,Lvl,AllPub,Inside,Gtl,Edwards,Norm,Norm,2fmCon,1.5Fin,5,7,1940,1999,Gable,CompShg,Wd Sdng,Wd Sdng,None,0.0,TA,Gd,BrkTil,TA,TA,No,ALQ,351,Rec,181,112,644,GasA,Gd,Y,SBrkr,808,547,0,1355,1,0,2,0,4,2,TA,6,Typ,0,,,,,0,0,,,Y,140,0,0,0,0,0,,,,0,9,2008,WD,Normal,127500
976,977,30,RL,51.0,5900,Pave,,IR1,Bnk,AllPub,Inside,Gtl,BrkSide,Norm,Norm,1Fam,1Story,4,7,1923,1958,Gable,CompShg,Wd Sdng,Wd Sdng,None,0.0,TA,TA,PConc,Gd,TA,No,Unf,0,Unf,0,440,440,GasA,TA,Y,FuseA,869,0,0,869,0,0,1,0,2,1,Fa,4,Typ,0,,,,,0,0,,,Y,0,0,0,0,0,0,,,,0,8,2006,WD,Normal,85500
535,536,190,RL,70.0,7000,Pave,,Reg,Lvl,AllPub,Inside,Gtl,Edwards,Norm,Norm,2fmCon,2Story,5,7,1910,1991,Gable,CompShg,MetalSd,MetalSd,None,0.0,TA,TA,CBlock,Gd,TA,Gd,GLQ,969,Unf,0,148,1117,GasA,TA,Y,SBrkr,820,527,0,1347,1,0,1,0,3,1,TA,5,Typ,0,,,,,0,0,,,N,85,0,148,0,0,0,,,,0,1,2008,WD,Normal,107500
364,365,60,RL,,18800,Pave,,IR1,Lvl,AllPub,FR2,Gtl,NWAmes,Norm,Norm,1Fam,2Story,6,5,1976,1976,Gable,CompShg,HdBoard,HdBoard,BrkFace,120.0,TA,TA,PConc,Gd,TA,Mn,GLQ,712,Unf,0,84,796,GasA,TA,Y,SBrkr,790,784,0,1574,1,0,2,1,3,1,TA,6,Typ,1,TA,Attchd,1976.0,Fin,2,566,TA,TA,Y,306,111,0,0,0,0,,,,0,7,2006,WD,Normal,190000
34,35,120,RL,60.0,7313,Pave,,Reg,Lvl,AllPub,Inside,Gtl,NridgHt,Norm,Norm,TwnhsE,1Story,9,5,2005,2005,Hip,CompShg,MetalSd,MetalSd,BrkFace,246.0,Ex,TA,PConc,Ex,TA,No,GLQ,1153,Unf,0,408,1561,GasA,Ex,Y,SBrkr,1561,0,0,1561,1,0,2,0,2,1,Ex,6,Typ,1,Gd,Attchd,2005.0,Fin,2,556,TA,TA,Y,203,47,0,0,0,0,,,,0,8,2007,WD,Normal,277500
301,302,60,RL,66.0,16226,Pave,,IR3,Lvl,AllPub,Inside,Gtl,CollgCr,Norm,Norm,1Fam,2Story,8,5,1998,1999,Gable,CompShg,VinylSd,VinylSd,None,0.0,Gd,TA,PConc,Gd,TA,No,GLQ,281,Unf,0,747,1028,GasA,Ex,Y,SBrkr,1210,1242,0,2452,0,0,2,1,4,1,Gd,9,Typ,1,TA,BuiltIn,1998.0,Fin,2,683,TA,TA,Y,208,50,0,0,0,0,,,,0,5,2007,WD,Normal,267000
661,662,60,RL,52.0,46589,Pave,,IR2,Lvl,AllPub,CulDSac,Gtl,NoRidge,Norm,Norm,1Fam,2Story,8,7,1994,2005,Hip,CompShg,VinylSd,VinylSd,BrkFace,528.0,Gd,TA,PConc,Gd,Gd,No,GLQ,1361,Rec,180,88,1629,GasA,Ex,Y,SBrkr,1686,762,0,2448,1,0,2,1,4,1,Gd,8,Typ,1,TA,Attchd,1994.0,RFn,3,711,TA,TA,Y,517,76,0,0,0,0,,,,0,7,2009,WD,Normal,402000
395,396,20,RL,68.0,9571,Pave,,Reg,Lvl,AllPub,Inside,Gtl,Edwards,Norm,Norm,1Fam,1Story,5,6,1956,1956,Gable,CompShg,Wd Sdng,Wd Sdng,None,0.0,TA,TA,CBlock,TA,TA,Av,BLQ,739,Unf,0,405,1144,GasA,TA,Y,SBrkr,1144,0,0,1144,1,0,1,0,3,1,TA,6,Typ,0,,Attchd,1956.0,Unf,1,596,TA,TA,Y,44,0,0,0,0,0,,,,0,6,2010,WD,Normal,129000
1225,1226,80,RL,65.0,10482,Pave,,Reg,Lvl,AllPub,Inside,Gtl,NAmes,Norm,Norm,1Fam,SLvl,6,8,1958,1958,Hip,CompShg,VinylSd,VinylSd,BrkFace,63.0,TA,Gd,CBlock,TA,TA,Av,GLQ,507,Unf,0,81,588,GasA,Ex,Y,SBrkr,1138,0,0,1138,0,1,1,0,3,1,TA,6,Typ,0,,Attchd,1958.0,RFn,1,264,TA,TA,Y,224,0,0,0,0,0,,MnWw,,0,6,2007,WD,Normal,145000
832,833,60,RL,44.0,9548,Pave,,IR1,Lvl,AllPub,CulDSac,Gtl,CollgCr,Norm,Norm,1Fam,2Story,7,6,2003,2003,Gable,CompShg,VinylSd,VinylSd,BrkFace,223.0,Gd,TA,PConc,Gd,TA,No,GLQ,483,Unf,0,458,941,GasA,Ex,Y,SBrkr,941,888,0,1829,1,0,2,1,3,1,Gd,7,Typ,1,TA,Attchd,2003.0,RFn,2,613,TA,TA,Y,192,39,0,0,0,0,,,,0,1,2010,WD,Normal,237000
455,456,20,RL,80.0,9600,Pave,,Reg,Lvl,AllPub,Inside,Gtl,NWAmes,Norm,Norm,1Fam,1Story,7,6,1973,1973,Hip,CompShg,HdBoard,HdBoard,BrkFace,320.0,TA,TA,CBlock,TA,TA,No,ALQ,916,Unf,0,326,1242,GasA,Fa,Y,SBrkr,1242,0,0,1242,0,0,1,1,3,1,TA,6,Typ,1,TA,Attchd,1973.0,Unf,2,528,TA,TA,Y,0,0,0,0,0,0,,,,0,9,2007,WD,Normal,175500
758,759,160,FV,24.0,2280,Pave,Pave,Reg,Lvl,AllPub,Inside,Gtl,Somerst,Norm,Norm,Twnhs,2Story,7,5,1999,1999,Gable,CompShg,MetalSd,MetalSd,BrkFace,360.0,TA,TA,PConc,Gd,TA,No,ALQ,549,Unf,0,195,744,GasA,Gd,Y,SBrkr,757,744,0,1501,0,0,2,1,3,1,TA,6,Typ,0,,Detchd,1999.0,Unf,2,440,TA,TA,Y,0,0,0,0,0,0,,,,0,8,2008,WD,Normal,179400
1063,1064,30,RM,50.0,6000,Pave,,Reg,Lvl,AllPub,Inside,Gtl,OldTown,Artery,Norm,1Fam,1Story,6,6,1925,1980,Gable,CompShg,MetalSd,MetalSd,None,0.0,TA,Gd,BrkTil,TA,TA,No,BLQ,397,Unf,0,706,1103,GasA,Gd,Y,SBrkr,1103,0,0,1103,0,0,1,0,2,1,Gd,5,Typ,1,Gd,Detchd,1976.0,Unf,2,440,TA,TA,Y,166,120,0,0,0,0,,MnPrv,,0,7,2006,WD,Normal,110500
634,635,90,RL,64.0,6979,Pave,,Reg,Lvl,AllPub,Inside,Gtl,OldTown,Norm,Norm,Duplex,SFoyer,6,5,1980,1980,Gable,CompShg,Plywood,Plywood,None,0.0,TA,TA,CBlock,TA,TA,No,GLQ,1056,Unf,0,0,1056,GasA,Gd,Y,SBrkr,1056,0,0,1056,2,0,0,0,0,2,TA,4,Typ,0,,Detchd,1980.0,Unf,2,576,TA,TA,Y,264,56,0,0,0,0,,GdPrv,Shed,600,6,2010,WD,Normal,144000
891,892,60,RL,70.0,11184,Pave,,Reg,Lvl,AllPub,Inside,Gtl,Sawyer,Norm,Norm,1Fam,2Story,6,5,1978,1978,Hip,CompShg,HdBoard,HdBoard,BrkFace,92.0,TA,TA,CBlock,TA,TA,No,LwQ,226,Rec,500,192,918,GasA,Gd,Y,SBrkr,918,765,0,1683,0,0,2,1,3,1,TA,7,Typ,1,TA,Attchd,1978.0,RFn,2,440,TA,TA,Y,243,0,0,0,0,0,,,,0,7,2009,WD,Normal,172500
1435,1436,20,RL,80.0,8400,Pave,,Reg,Lvl,AllPub,Inside,Gtl,NAmes,Norm,Norm,1Fam,1Story,6,9,1962,2005,Gable,CompShg,Wd Sdng,Wd Sdng,BrkFace,237.0,Gd,Gd,CBlock,TA,TA,No,Unf,0,Unf,0,1319,1319,GasA,TA,Y,SBrkr,1537,0,0,1537,1,0,1,1,3,1,Gd,7,Typ,1,Gd,Attchd,1962.0,RFn,2,462,TA,TA,Y,0,36,0,0,0,0,,GdPrv,,0,7,2008,COD,Abnorml,174000
1179,1180,20,RL,77.0,8335,Pave,,Reg,Lvl,AllPub,Corner,Gtl,Edwards,Norm,Norm,1Fam,1Story,5,5,1954,1954,Gable,CompShg,Wd Sdng,Wd Sdng,None,0.0,TA,TA,Slab,,,,,0,,0,0,0,GasA,Gd,Y,SBrkr,1124,0,0,1124,0,0,1,0,3,1,TA,5,Min2,1,Gd,,,,0,0,,,N,0,36,190,0,0,0,,,,0,4,2006,WD,Normal,93000
1210,1211,60,RL,70.0,11218,Pave,,Reg,Lvl,AllPub,Inside,Gtl,SawyerW,Norm,Norm,1Fam,2Story,6,5,1992,1992,Gable,CompShg,Wd Sdng,Wd Sdng,None,0.0,Gd,TA,PConc,Gd,TA,No,Unf,0,Unf,0,1055,1055,GasA,Ex,Y,SBrkr,1055,790,0,1845,0,0,2,1,3,1,Gd,8,Typ,1,TA,Attchd,1992.0,RFn,2,462,TA,TA,Y,635,104,0,0,0,0,,GdPrv,Shed,400,5,2010,WD,Normal,189000
1088,1089,160,RM,24.0,2522,Pave,,Reg,Lvl,AllPub,Inside,Gtl,Edwards,Norm,Norm,Twnhs,2Story,7,5,2004,2004,Gable,CompShg,VinylSd,VinylSd,Stone,50.0,Gd,TA,PConc,Gd,TA,No,Unf,0,Unf,0,970,970,GasA,Ex,Y,SBrkr,970,739,0,1709,0,0,2,0,3,1,Gd,7,Maj1,0,,Detchd,2004.0,Unf,2,380,TA,TA,Y,0,40,0,0,0,0,,,,0,4,2006,WD,Normal,137500
1015,1016,60,RL,70.0,8400,Pave,,Reg,Lvl,AllPub,Inside,Gtl,NWAmes,Norm,Norm,1Fam,2Story,8,6,2001,2001,Gable,CompShg,VinylSd,VinylSd,None,0.0,Gd,TA,PConc,Gd,TA,No,GLQ,643,Unf,0,167,810,GasA,Ex,Y,SBrkr,810,855,0,1665,1,0,2,1,3,1,Gd,6,Typ,0,,Attchd,2001.0,Fin,2,528,TA,TA,Y,0,45,0,0,0,0,,,,0,11,2009,WD,Normal,227000
461,462,70,RL,60.0,7200,Pave,,Reg,Lvl,AllPub,Inside,Gtl,SWISU,Feedr,Norm,1Fam,2Story,7,9,1936,2007,Gable,CompShg,Wd Sdng,Wd Sdng,None,0.0,Gd,Gd,PConc,Gd,Gd,No,ALQ,350,BLQ,210,0,560,GasA,Ex,Y,SBrkr,575,560,0,1135,1,0,1,0,3,1,Gd,6,Typ,0,,Detchd,1971.0,RFn,2,576,TA,TA,Y,256,0,0,0,0,0,,MnPrv,,0,4,2009,WD,Normal,155000
1362,1363,50,RL,,12513,Pave,,IR1,Lvl,AllPub,FR2,Gtl,NAmes,Feedr,Norm,1Fam,1.5Fin,4,4,1920,2007,Gable,CompShg,VinylSd,VinylSd,None,0.0,TA,Gd,BrkTil,TA,Fa,No,Unf,0,Unf,0,715,715,GasA,Gd,Y,SBrkr,1281,457,0,1738,0,0,2,0,4,1,TA,7,Typ,1,Gd,Attchd,1920.0,Unf,1,368,TA,TA,Y,55,0,0,0,0,0,,,,0,6,2009,WD,Normal,104900
964,965,60,RL,80.0,11316,Pave,,Reg,Lvl,AllPub,Corner,Gtl,Timber,Norm,Norm,1Fam,2Story,7,5,2002,2003,Gable,CompShg,VinylSd,VinylSd,BrkFace,44.0,Gd,TA,PConc,Gd,TA,No,GLQ,624,Unf,0,193,817,GasA,Ex,Y,SBrkr,824,1070,0,1894,1,0,2,1,4,1,Gd,8,Typ,1,Gd,BuiltIn,2002.0,Fin,2,510,TA,TA,Y,0,40,0,0,0,0,,,,0,2,2010,WD,Normal,214900
83,84,20,RL,80.0,8892,Pave,,IR1,Lvl,AllPub,Inside,Gtl,NAmes,Norm,Norm,1Fam,1Story,5,5,1960,1960,Gable,CompShg,MetalSd,MetalSd,BrkCmn,66.0,TA,TA,CBlock,TA,TA,No,Unf,0,Unf,0,1065,1065,GasA,Gd,Y,SBrkr,1065,0,0,1065,0,0,1,1,3,1,TA,6,Typ,0,,Detchd,1974.0,Unf,2,461,TA,TA,Y,74,0,0,0,0,0,,,,0,7,2007,COD,Normal,126500
120,121,80,RL,,21453,Pave,,IR1,Low,AllPub,CulDSac,Sev,ClearCr,Norm,Norm,1Fam,SLvl,6,5,1969,1969,Flat,Metal,Plywood,Plywood,None,0.0,TA,TA,CBlock,TA,TA,Gd,ALQ,938,Unf,0,0,938,GasA,Ex,Y,SBrkr,988,0,0,988,1,0,1,0,1,1,TA,4,Typ,2,TA,Attchd,1969.0,Unf,2,540,TA,TA,Y,0,130,0,130,0,0,,,,0,10,2006,WD,Normal,180000
363,364,160,RM,21.0,1680,Pave,,Reg,Lvl,AllPub,Inside,Gtl,BrDale,Norm,Norm,Twnhs,2Story,6,8,1972,2007,Gable,CompShg,HdBoard,HdBoard,BrkFace,510.0,TA,TA,CBlock,TA,TA,No,ALQ,162,Unf,0,321,483,GasA,Gd,Y,SBrkr,483,504,0,987,0,0,1,1,2,1,Gd,5,Typ,0,,Detchd,1972.0,Unf,1,264,TA,TA,Y,250,0,0,0,0,0,,,,0,5,2009,WD,Normal,118000
1099,1100,20,RL,82.0,11880,Pave,,IR1,Lvl,AllPub,Inside,Gtl,NWAmes,RRAn,Norm,1Fam,1Story,7,5,1978,1978,Gable,CompShg,Plywood,Plywood,BrkFace,206.0,TA,TA,CBlock,Gd,TA,No,ALQ,704,Unf,0,567,1271,GasA,TA,Y,SBrkr,1601,0,0,1601,0,0,2,0,3,1,TA,7,Typ,1,TA,Attchd,1978.0,RFn,2,478,TA,TA,Y,0,0,0,0,0,0,,,,0,4,2009,COD,Abnorml,157000
1074,1075,20,RL,74.0,8556,Pave,,Reg,Lvl,AllPub,Inside,Gtl,CollgCr,Norm,Norm,1Fam,1Story,7,5,2006,2006,Gable,CompShg,VinylSd,VinylSd,None,0.0,Gd,TA,PConc,Gd,TA,Av,Unf,0,Unf,0,1240,1240,GasA,Ex,Y,SBrkr,1240,0,0,1240,0,0,2,0,2,1,Gd,5,Typ,0,,Attchd,2006.0,RFn,3,826,TA,TA,Y,140,93,0,0,0,0,,,,0,5,2007,WD,Normal,194000
968,969,50,RM,50.0,5925,Pave,,Reg,Lvl,AllPub,Inside,Gtl,OldTown,Norm,Norm,1Fam,1.5Fin,3,6,1910,1950,Gable,CompShg,VinylSd,VinylSd,None,0.0,TA,TA,BrkTil,TA,TA,No,Unf,0,Unf,0,600,600,Grav,Fa,N,SBrkr,600,368,0,968,0,0,1,0,2,1,TA,6,Typ,0,,,,,0,0,,,Y,0,0,0,0,0,0,,GdWo,,0,5,2009,WD,Abnorml,37900
951,952,20,RH,60.0,7800,Pave,,Reg,Lvl,AllPub,Corner,Gtl,SawyerW,Norm,Norm,1Fam,1Story,5,5,1965,1965,Gable,CompShg,VinylSd,VinylSd,None,0.0,TA,TA,CBlock,TA,TA,No,BLQ,641,Unf,0,187,828,GasA,Gd,Y,SBrkr,965,0,0,965,1,0,1,0,3,1,TA,6,Typ,0,,Detchd,1979.0,Unf,1,300,TA,TA,Y,421,0,0,0,0,0,,MnPrv,,0,7,2006,WD,Abnorml,119900
584,585,50,RM,51.0,6120,Pave,,Reg,Lvl,AllPub,Inside,Gtl,BrkSide,Norm,Norm,1Fam,1.5Fin,4,7,1935,1995,Gable,CompShg,AsbShng,AsbShng,None,0.0,TA,TA,BrkTil,TA,TA,No,Unf,0,Unf,0,884,884,GasA,Ex,Y,SBrkr,989,584,0,1573,0,0,1,0,3,1,Gd,6,Typ,0,,Detchd,1935.0,Unf,1,240,TA,TA,Y,0,0,54,0,120,0,,,,0,7,2009,WD,Normal,133000
309,310,20,RL,90.0,12378,Pave,,IR1,Lvl,AllPub,Inside,Gtl,NridgHt,Norm,Norm,1Fam,1Story,9,5,2003,2004,Gable,CompShg,VinylSd,VinylSd,None,0.0,Gd,TA,PConc,Ex,TA,Gd,GLQ,1274,Unf,0,622,1896,GasA,Ex,Y,SBrkr,1944,0,0,1944,1,0,2,0,3,1,Ex,8,Typ,3,Ex,Attchd,2003.0,Fin,3,708,TA,TA,Y,208,175,0,0,0,0,,,,0,11,2006,WD,Normal,360000
548,549,20,RM,49.0,8235,Pave,,IR1,HLS,AllPub,Inside,Gtl,OldTown,Feedr,RRNn,1Fam,1Story,5,7,1955,1995,Gable,CompShg,MetalSd,MetalSd,None,0.0,TA,Gd,CBlock,TA,TA,No,LwQ,180,Rec,645,0,825,GasA,TA,Y,SBrkr,825,0,0,825,1,0,1,0,2,1,TA,4,Typ,0,,Detchd,1963.0,RFn,2,720,TA,TA,Y,140,50,0,0,0,0,,MnPrv,,0,6,2008,WD,Normal,125000
1100,1101,30,RL,60.0,8400,Pave,,Reg,Bnk,AllPub,Inside,Gtl,SWISU,Norm,Norm,1Fam,1Story,2,5,1920,1950,Gable,CompShg,Wd Sdng,Wd Sdng,None,0.0,TA,TA,CBlock,TA,Fa,No,Rec,290,Unf,0,0,290,GasA,TA,N,FuseF,438,0,0,438,0,0,1,0,1,1,Fa,3,Typ,0,,Detchd,1930.0,Unf,1,246,TA,TA,N,0,0,0,0,0,0,,,,0,1,2009,WD,Normal,60000
928,929,20,RL,,11838,Pave,,Reg,Lvl,AllPub,Inside,Gtl,CollgCr,Norm,Norm,1Fam,1Story,8,5,2001,2001,Hip,CompShg,VinylSd,VinylSd,None,0.0,Gd,TA,PConc,Gd,TA,Av,Unf,0,Unf,0,1753,1753,GasA,Ex,Y,SBrkr,1788,0,0,1788,0,0,2,0,3,1,Ex,7,Typ,1,TA,Attchd,2001.0,RFn,2,522,TA,TA,Y,202,151,0,0,0,0,,,,0,6,2009,WD,Normal,236500
772,773,80,RL,94.0,7819,Pave,,Reg,Lvl,AllPub,Inside,Gtl,Edwards,Norm,Norm,1Fam,SLvl,6,5,1976,1976,Gable,CompShg,Plywood,Plywood,None,0.0,TA,TA,CBlock,TA,TA,Av,ALQ,422,BLQ,127,480,1029,GasA,TA,Y,SBrkr,1117,0,0,1117,1,0,1,0,3,1,TA,6,Typ,1,TA,Detchd,1976.0,Unf,2,672,TA,TA,Y,144,0,0,0,0,0,,MnPrv,,0,3,2010,WD,Abnorml,107000
1137,1138,50,RL,54.0,6342,Pave,,Reg,Lvl,AllPub,Inside,Gtl,Sawyer,Feedr,Norm,1Fam,1.5Fin,5,8,1875,1996,Gable,CompShg,VinylSd,VinylSd,None,0.0,TA,Gd,CBlock,TA,TA,No,Unf,0,Unf,0,780,780,GasA,Gd,N,SBrkr,780,240,0,1020,0,0,1,0,2,1,TA,6,Typ,0,,,,,0,0,,,N,0,0,176,0,0,0,,,,0,5,2010,WD,Normal,94000
1142,1143,60,RL,77.0,9965,Pave,,Reg,Lvl,AllPub,Inside,Gtl,CollgCr,Norm,Norm,1Fam,2Story,8,5,2006,2007,Hip,CompShg,VinylSd,VinylSd,Stone,340.0,Gd,TA,PConc,Ex,TA,Gd,GLQ,1150,Unf,0,316,1466,GasA,Ex,Y,SBrkr,1466,1362,0,2828,1,0,3,0,4,1,Gd,11,Typ,1,TA,BuiltIn,2006.0,RFn,3,1052,TA,TA,Y,125,144,0,0,0,0,,,,0,4,2007,New,Partial,424870
776,777,20,RL,86.0,11210,Pave,,IR1,Lvl,AllPub,Inside,Gtl,CollgCr,Norm,Norm,1Fam,1Story,7,5,2005,2006,Gable,CompShg,VinylSd,VinylSd,BrkFace,240.0,Gd,TA,PConc,Gd,TA,Av,GLQ,20,Unf,0,1594,1614,GasA,Ex,Y,SBrkr,1614,0,0,1614,0,0,2,0,3,1,Gd,7,Typ,0,,Attchd,2005.0,RFn,3,865,TA,TA,Y,144,59,0,0,0,0,,,,0,7,2006,New,Partial,221500
1067,1068,60,RL,80.0,9760,Pave,,Reg,Lvl,AllPub,Inside,Mod,NAmes,Norm,Norm,1Fam,2Story,6,6,1964,1964,Gable,CompShg,HdBoard,HdBoard,BrkFace,360.0,TA,TA,CBlock,TA,TA,Gd,GLQ,674,LwQ,106,0,780,GasA,TA,Y,SBrkr,798,813,0,1611,1,0,1,1,4,1,TA,7,Typ,0,,Attchd,1964.0,RFn,2,442,TA,TA,Y,328,128,0,0,189,0,,,,0,6,2008,WD,Normal,167900
536,537,60,RL,57.0,8924,Pave,,IR1,Lvl,AllPub,CulDSac,Gtl,CollgCr,Norm,Norm,1Fam,2Story,7,5,1998,1999,Gable,CompShg,VinylSd,VinylSd,None,0.0,TA,TA,PConc,Gd,TA,Av,Unf,0,Unf,0,880,880,GasA,Ex,Y,SBrkr,880,844,0,1724,0,0,2,1,3,1,Gd,8,Typ,0,,Attchd,1998.0,Fin,2,527,TA,TA,Y,120,155,0,0,0,0,,,,0,7,2008,WD,Normal,188000
622,623,20,RL,71.0,7064,Pave,,Reg,Lvl,AllPub,Inside,Gtl,Sawyer,Norm,Norm,1Fam,1Story,5,6,1977,1977,Gable,CompShg,Plywood,Plywood,BrkFace,153.0,TA,TA,CBlock,TA,TA,No,BLQ,560,Unf,0,420,980,GasA,TA,Y,SBrkr,980,0,0,980,0,0,1,0,3,1,TA,6,Typ,0,,Detchd,1986.0,Unf,2,484,TA,TA,Y,192,0,0,0,0,0,,,,0,7,2009,WD,Normal,135000
1019,1020,120,RL,43.0,3013,Pave,,Reg,Lvl,AllPub,Inside,Gtl,Blmngtn,Norm,Norm,TwnhsE,1Story,7,5,2005,2005,Gable,CompShg,VinylSd,VinylSd,BrkFace,145.0,Gd,TA,PConc,Gd,TA,Gd,GLQ,16,Unf,0,1346,1362,GasA,Ex,Y,SBrkr,1506,0,0,1506,0,0,2,0,2,1,Gd,6,Typ,1,Gd,Attchd,2005.0,Fin,2,440,TA,TA,Y,142,20,0,0,0,0,,,,0,4,2006,WD,Normal,213490
266,267,60,RL,70.0,11207,Pave,,IR1,HLS,AllPub,FR2,Gtl,Gilbert,Norm,Norm,1Fam,2Story,6,5,1997,1997,Gable,CompShg,VinylSd,VinylSd,None,0.0,TA,TA,PConc,Gd,TA,Av,GLQ,714,Unf,0,88,802,GasA,Gd,Y,SBrkr,802,709,0,1511,1,0,2,1,3,1,TA,8,Typ,1,TA,Attchd,1997.0,Fin,2,413,TA,TA,Y,95,75,0,0,0,0,,,,0,6,2006,WD,Normal,185000
231,232,60,RL,174.0,15138,Pave,,IR1,Lvl,AllPub,Inside,Gtl,NoRidge,Norm,Norm,1Fam,2Story,8,5,1995,1996,Gable,CompShg,VinylSd,VinylSd,BrkFace,506.0,Gd,TA,PConc,Gd,TA,No,GLQ,689,Unf,0,773,1462,GasA,Ex,Y,SBrkr,1490,1304,0,2794,1,0,2,1,4,1,Ex,9,Typ,1,TA,Attchd,1995.0,Fin,3,810,TA,TA,Y,0,146,202,0,0,0,,,,0,7,2009,WD,Normal,403000
924,925,20,RL,79.0,10240,Pave,,Reg,Lvl,AllPub,Inside,Gtl,NWAmes,Norm,Norm,1Fam,1Story,6,6,1980,1980,Gable,CompShg,Plywood,Plywood,BrkFace,157.0,TA,Gd,CBlock,Gd,TA,No,BLQ,625,LwQ,1061,0,1686,GasA,TA,Y,SBrkr,1686,0,0,1686,1,0,2,0,3,1,TA,7,Typ,1,TA,Attchd,1980.0,Unf,2,612,TA,TA,Y,384,131,0,0,0,0,,,,0,5,2006,WD,Normal,207500
1412,1413,90,RL,60.0,7200,Pave,,Reg,Lvl,AllPub,Inside,Gtl,NAmes,Norm,Norm,Duplex,1Story,4,5,1949,1950,Gable,CompShg,BrkFace,Stone,None,0.0,TA,TA,Slab,,,,,0,,0,0,0,Wall,Fa,N,FuseF,1040,0,0,1040,0,0,2,0,2,2,TA,6,Typ,0,,Detchd,1956.0,Unf,2,420,TA,TA,Y,0,0,0,0,0,0,,,,0,6,2009,WD,Normal,90000
852,853,75,RL,53.0,7128,Pave,,Reg,Lvl,AllPub,Inside,Gtl,Crawfor,Norm,Norm,1Fam,2.5Unf,7,5,1941,1950,Gable,CompShg,MetalSd,MetalSd,None,0.0,TA,Gd,CBlock,TA,TA,No,Rec,364,Unf,0,554,918,GasA,Gd,Y,SBrkr,918,728,0,1646,0,0,2,0,4,1,TA,7,Typ,2,Gd,Detchd,1941.0,Unf,1,240,TA,TA,Y,0,0,0,0,126,0,,MnPrv,,0,8,2007,WD,Normal,164000
1175,1176,50,RL,85.0,10678,Pave,,Reg,Lvl,AllPub,Inside,Gtl,NoRidge,Norm,Norm,1Fam,1.5Fin,8,5,1992,2000,Hip,CompShg,HdBoard,HdBoard,BrkFace,337.0,Gd,TA,PConc,Gd,TA,No,GLQ,700,Unf,0,983,1683,GasA,Ex,Y,SBrkr,2129,743,0,2872,0,0,2,1,4,1,Gd,9,Typ,1,TA,Attchd,1992.0,Fin,2,541,TA,TA,Y,0,33,0,0,0,0,,,,0,4,2007,WD,Normal,285000
1454,1455,20,FV,62.0,7500,Pave,Pave,Reg,Lvl,AllPub,Inside,Gtl,Somerst,Norm,Norm,1Fam,1Story,7,5,2004,2005,Gable,CompShg,VinylSd,VinylSd,None,0.0,Gd,TA,PConc,Gd,TA,No,GLQ,410,Unf,0,811,1221,GasA,Ex,Y,SBrkr,1221,0,0,1221,1,0,2,0,2,1,Gd,6,Typ,0,,Attchd,2004.0,RFn,2,400,TA,TA,Y,0,113,0,0,0,0,,,,0,10,2009,WD,Normal,185000
908,909,20,RL,,8885,Pave,,IR1,Low,AllPub,Inside,Mod,Mitchel,Norm,Norm,1Fam,1Story,5,5,1983,1983,Gable,CompShg,HdBoard,HdBoard,None,0.0,TA,TA,CBlock,Gd,TA,Av,BLQ,301,ALQ,324,239,864,GasA,TA,Y,SBrkr,902,0,0,902,1,0,1,0,2,1,TA,5,Typ,0,,Attchd,1983.0,Unf,2,484,TA,TA,Y,164,0,0,0,0,0,,MnPrv,,0,6,2006,WD,Normal,131000
667,668,20,RL,65.0,8125,Pave,,Reg,Lvl,AllPub,Inside,Gtl,SawyerW,Norm,Norm,1Fam,1Story,6,5,1994,1998,Gable,CompShg,HdBoard,HdBoard,BrkFace,258.0,TA,TA,PConc,Gd,TA,No,GLQ,1138,Unf,0,270,1408,GasA,Ex,Y,SBrkr,1679,0,0,1679,1,0,2,0,3,1,Gd,7,Typ,1,Fa,Attchd,1994.0,RFn,2,575,TA,TA,Y,224,42,0,0,0,0,,,,0,10,2008,WD,Normal,193500
1104,1105,160,RM,24.0,2016,Pave,,Reg,Lvl,AllPub,Inside,Gtl,BrDale,Norm,Norm,TwnhsE,2Story,5,5,1970,1970,Gable,CompShg,HdBoard,HdBoard,BrkFace,304.0,TA,TA,CBlock,TA,TA,No,Unf,0,Unf,0,630,630,GasA,TA,Y,SBrkr,630,672,0,1302,0,0,2,1,3,1,TA,6,Typ,0,,Detchd,1970.0,Unf,2,440,TA,TA,Y,0,0,0,0,0,0,,,,0,4,2007,WD,Normal,106000
1291,1292,160,RM,21.0,1680,Pave,,Reg,Lvl,AllPub,Inside,Gtl,BrDale,Norm,Norm,Twnhs,2Story,5,7,1972,1972,Gable,CompShg,CemntBd,CmentBd,BrkFace,268.0,TA,TA,CBlock,TA,TA,No,ALQ,231,Unf,0,399,630,GasA,TA,Y,SBrkr,630,672,0,1302,0,0,2,1,3,1,TA,6,Typ,0,,Detchd,1972.0,Unf,1,264,TA,TA,Y,185,0,0,0,0,0,,,,0,2,2009,WD,Normal,119500
182,183,20,RL,60.0,9060,Pave,,Reg,Lvl,AllPub,Inside,Gtl,Edwards,Artery,Norm,1Fam,1Story,5,6,1957,2006,Hip,CompShg,Wd Sdng,Wd Sdng,BrkFace,98.0,TA,TA,PConc,,,,,0,,0,0,0,GasA,Ex,Y,SBrkr,1340,0,0,1340,0,0,1,0,3,1,TA,7,Typ,1,Gd,Attchd,1957.0,RFn,1,252,TA,TA,Y,116,0,0,180,0,0,,MnPrv,,0,6,2007,WD,Normal,120000
1124,1125,80,RL,,9125,Pave,,IR1,Lvl,AllPub,Inside,Gtl,Gilbert,Norm,Norm,1Fam,SLvl,7,5,1992,1992,Gable,CompShg,HdBoard,HdBoard,BrkFace,170.0,TA,TA,PConc,Gd,TA,No,Unf,0,Unf,0,384,384,GasA,Gd,Y,SBrkr,812,670,0,1482,0,0,2,1,3,1,Gd,7,Typ,1,TA,Attchd,1992.0,Fin,2,392,TA,TA,Y,100,25,0,0,0,0,,,,0,7,2007,WD,Normal,163900
804,805,20,RL,75.0,9000,Pave,,Reg,Lvl,AllPub,Inside,Gtl,NAmes,Norm,Norm,1Fam,1Story,5,5,1954,1954,Gable,CompShg,Wd Sdng,Wd Sdng,None,0.0,TA,TA,CBlock,TA,TA,No,LwQ,812,Unf,0,124,936,GasA,TA,Y,SBrkr,1128,0,0,1128,0,0,1,0,2,1,TA,5,Min1,0,,Attchd,1954.0,Unf,1,286,TA,TA,Y,0,0,0,0,0,0,,GdWo,,0,6,2006,WD,Family,118000
1120,1121,30,RM,59.0,8263,Pave,,Reg,Bnk,AllPub,Inside,Mod,IDOTRR,Norm,Norm,1Fam,1Story,6,5,1920,1950,Gable,CompShg,BrkFace,BrkFace,None,0.0,TA,TA,BrkTil,TA,TA,No,Unf,0,Unf,0,1012,1012,GasA,TA,Y,FuseA,1012,0,0,1012,0,0,1,0,2,1,TA,6,Typ,1,Gd,Detchd,1920.0,Unf,1,308,TA,TA,Y,0,22,112,0,0,0,,MnPrv,,0,5,2007,WD,Normal,118400
646,647,20,RL,60.0,7200,Pave,,Reg,Lvl,AllPub,Inside,Gtl,NAmes,Norm,Norm,1Fam,1Story,5,5,1950,1950,Hip,CompShg,MetalSd,MetalSd,None,0.0,TA,TA,CBlock,,,,,0,,0,0,0,GasA,Gd,Y,SBrkr,1048,0,0,1048,0,0,1,0,3,1,TA,7,Min1,0,,Detchd,1950.0,Unf,2,420,TA,TA,Y,0,27,0,0,0,0,,,,0,7,2008,WD,Normal,98300
31,32,20,RL,,8544,Pave,,IR1,Lvl,AllPub,CulDSac,Gtl,Sawyer,Norm,Norm,1Fam,1Story,5,6,1966,2006,Gable,CompShg,HdBoard,HdBoard,None,0.0,TA,TA,CBlock,TA,TA,No,Unf,0,Unf,0,1228,1228,GasA,Gd,Y,SBrkr,1228,0,0,1228,0,0,1,1,3,1,Gd,6,Typ,0,,Attchd,1966.0,Unf,1,271,TA,TA,Y,0,65,0,0,0,0,,MnPrv,,0,6,2008,WD,Normal,149350
399,400,60,FV,65.0,8125,Pave,,Reg,Lvl,AllPub,Inside,Gtl,Somerst,Norm,Norm,1Fam,2Story,7,5,2006,2007,Gable,CompShg,CemntBd,CmentBd,Stone,100.0,Gd,TA,PConc,Gd,TA,No,GLQ,812,Unf,0,280,1092,GasA,Ex,Y,SBrkr,1112,438,0,1550,1,0,2,0,2,1,Gd,7,Typ,0,,Attchd,2007.0,Fin,2,438,TA,TA,Y,0,168,0,0,0,0,,,,0,10,2009,WD,Normal,241000
1374,1375,60,FV,85.0,10625,Pave,,Reg,Lvl,AllPub,Inside,Gtl,Somerst,Norm,Norm,1Fam,2Story,7,5,2005,2005,Gable,CompShg,CemntBd,CmentBd,None,0.0,Gd,TA,PConc,Gd,TA,No,Unf,0,Unf,0,1026,1026,GasA,Ex,Y,SBrkr,1026,932,0,1958,0,0,2,1,3,1,Gd,9,Typ,1,Gd,Attchd,2005.0,Fin,3,936,TA,TA,Y,154,210,0,0,0,0,,,,0,7,2008,WD,Normal,250000
1338,1339,60,RL,95.0,13450,Pave,,IR1,Lvl,AllPub,Corner,Gtl,CollgCr,Norm,Norm,1Fam,2Story,7,5,2002,2002,Gable,CompShg,VinylSd,VinylSd,None,0.0,Gd,TA,PConc,Gd,TA,No,GLQ,700,Unf,0,216,916,GasA,Ex,Y,SBrkr,920,941,0,1861,1,0,2,1,3,1,Gd,8,Typ,0,,BuiltIn,2002.0,RFn,2,492,TA,TA,Y,146,91,0,0,0,0,,,,0,6,2006,WD,Normal,200000
670,671,60,RL,64.0,8633,Pave,,Reg,Lvl,AllPub,FR2,Gtl,CollgCr,Norm,Norm,1Fam,2Story,6,5,2005,2005,Gable,CompShg,VinylSd,VinylSd,None,0.0,Gd,TA,PConc,Gd,TA,No,GLQ,193,Unf,0,545,738,GasA,Ex,Y,SBrkr,738,738,0,1476,1,0,2,1,3,1,Gd,7,Typ,0,,Attchd,2005.0,Fin,2,540,TA,TA,Y,100,35,0,0,0,0,,,,0,2,2009,WD,Normal,173500
520,521,190,RL,60.0,10800,Pave,Grvl,Reg,Lvl,AllPub,Inside,Gtl,OldTown,Norm,Norm,2fmCon,2Story,4,7,1900,2000,Gable,CompShg,MetalSd,MetalSd,None,0.0,TA,TA,BrkTil,,,,,0,,0,0,0,GasA,TA,N,FuseA,694,600,0,1294,0,0,2,0,3,2,TA,7,Typ,0,,,,,0,0,,,N,220,114,210,0,0,0,,,,0,8,2008,WD,Normal,106250
383,384,45,RH,60.0,9000,Pave,,Reg,Lvl,AllPub,Corner,Gtl,SawyerW,Norm,Norm,1Fam,1.5Unf,6,3,1928,1950,Gable,CompShg,Wd Sdng,Wd Sdng,None,0.0,TA,TA,BrkTil,Fa,Fa,No,Unf,0,Unf,0,784,784,GasA,TA,N,FuseA,784,0,0,784,0,0,1,0,2,1,TA,5,Typ,0,,Detchd,1950.0,Unf,2,360,Fa,Fa,N,0,0,91,0,0,0,,,,0,10,2009,WD,Normal,76000
1457,1458,70,RL,66.0,9042,Pave,,Reg,Lvl,AllPub,Inside,Gtl,Crawfor,Norm,Norm,1Fam,2Story,7,9,1941,2006,Gable,CompShg,CemntBd,CmentBd,None,0.0,Ex,Gd,Stone,TA,Gd,No,GLQ,275,Unf,0,877,1152,GasA,Ex,Y,SBrkr,1188,1152,0,2340,0,0,2,0,4,1,Gd,9,Typ,2,Gd,Attchd,1941.0,RFn,1,252,TA,TA,Y,0,60,0,0,0,0,,GdPrv,Shed,2500,5,2010,WD,Normal,266500
156,157,20,RL,60.0,7200,Pave,,Reg,Lvl,AllPub,Inside,Gtl,NAmes,Norm,Norm,1Fam,1Story,5,7,1950,1950,Hip,CompShg,Wd Sdng,Wd Sdng,None,0.0,TA,TA,CBlock,,,,,0,,0,0,0,GasA,TA,Y,FuseF,1040,0,0,1040,0,0,1,0,2,1,TA,5,Typ,0,,Detchd,1950.0,Unf,2,625,TA,TA,Y,0,0,0,0,0,0,,,,0,6,2006,WD,Normal,109500
946,947,80,RL,70.0,8163,Pave,,Reg,Lvl,AllPub,Inside,Gtl,NAmes,Norm,Norm,1Fam,SLvl,5,6,1959,1959,Gable,CompShg,HdBoard,HdBoard,BrkFace,128.0,TA,Gd,CBlock,TA,TA,Av,ALQ,748,BLQ,294,102,1144,GasA,TA,Y,SBrkr,1144,0,0,1144,1,0,1,0,3,1,TA,6,Typ,1,TA,Attchd,1959.0,RFn,1,796,TA,TA,Y,86,0,0,0,0,0,,,,0,3,2006,WD,Normal,143000
315,316,60,RL,71.0,7795,Pave,,IR1,Lvl,AllPub,Inside,Gtl,Gilbert,Norm,Norm,1Fam,2Story,7,5,2004,2005,Gable,CompShg,VinylSd,VinylSd,None,0.0,Gd,TA,PConc,Gd,TA,No,GLQ,425,Unf,0,291,716,GasA,Ex,Y,SBrkr,716,716,0,1432,1,0,2,1,3,1,Gd,6,Typ,1,Gd,Attchd,2004.0,Fin,2,432,TA,TA,Y,100,51,0,0,0,0,,,,0,7,2009,WD,Normal,188500
683,684,20,RL,90.0,11248,Pave,,IR1,Lvl,AllPub,Corner,Gtl,CollgCr,Norm,Norm,1Fam,1Story,9,5,2002,2002,Hip,CompShg,VinylSd,VinylSd,Stone,215.0,Gd,TA,PConc,Gd,TA,Av,GLQ,1059,Unf,0,567,1626,GasA,Ex,Y,SBrkr,1668,0,0,1668,1,0,2,0,3,1,Gd,7,Typ,1,TA,Attchd,2002.0,Fin,3,702,TA,TA,Y,257,45,0,0,0,0,,,,0,7,2007,WD,Normal,285000
71,72,20,RL,69.0,7599,Pave,,Reg,Lvl,AllPub,Corner,Gtl,Mitchel,Norm,Norm,1Fam,1Story,4,6,1982,2006,Gable,CompShg,HdBoard,Plywood,None,0.0,TA,TA,CBlock,TA,TA,No,ALQ,565,Unf,0,280,845,GasA,TA,Y,SBrkr,845,0,0,845,1,0,1,0,2,1,TA,4,Typ,0,,Detchd,1987.0,Unf,2,360,TA,TA,Y,0,0,0,0,0,0,,,,0,6,2007,WD,Normal,129500
950,951,20,RL,60.0,7200,Pave,,Reg,Lvl,AllPub,Inside,Gtl,NAmes,Norm,Norm,1Fam,1Story,5,8,1950,2002,Gable,CompShg,VinylSd,VinylSd,None,0.0,TA,TA,CBlock,TA,TA,No,ALQ,398,BLQ,149,317,864,GasA,Gd,Y,SBrkr,864,0,0,864,1,0,1,0,3,1,Gd,5,Typ,0,,Detchd,1980.0,RFn,2,720,TA,TA,Y,194,0,0,0,0,0,,,,0,7,2007,WD,Normal,129000
216,217,20,RL,65.0,8450,Pave,,Reg,Lvl,AllPub,Inside,Gtl,CollgCr,Norm,Norm,1Fam,1Story,7,5,2004,2004,Gable,CompShg,VinylSd,VinylSd,BrkFace,266.0,Gd,TA,PConc,Gd,TA,Mn,GLQ,946,Unf,0,490,1436,GasA,Ex,Y,SBrkr,1436,0,0,1436,1,0,2,0,3,1,Gd,8,Typ,0,,Attchd,2004.0,Unf,2,484,TA,TA,Y,139,98,0,0,0,0,,,,0,4,2008,WD,Normal,210000
1358,1359,160,FV,,2117,Pave,,Reg,Lvl,AllPub,Inside,Gtl,Somerst,Norm,Norm,Twnhs,2Story,6,5,2000,2000,Gable,CompShg,MetalSd,MetalSd,BrkFace,216.0,Gd,TA,PConc,Gd,TA,No,GLQ,378,Unf,0,378,756,GasA,Ex,Y,SBrkr,769,804,0,1573,0,0,2,1,3,1,Gd,5,Typ,0,,Detchd,2000.0,Unf,2,440,TA,TA,Y,0,32,0,0,0,0,,,,0,6,2010,WD,Normal,177500
959,960,160,FV,24.0,2572,Pave,,Reg,Lvl,AllPub,FR2,Gtl,Somerst,Norm,Norm,Twnhs,2Story,7,5,1999,1999,Hip,CompShg,MetalSd,MetalSd,None,0.0,Gd,TA,PConc,Gd,TA,No,ALQ,604,Unf,0,92,696,GasA,Ex,Y,SBrkr,696,720,0,1416,1,0,2,1,3,1,Gd,6,Typ,0,,Detchd,1999.0,Unf,2,484,TA,TA,Y,0,44,0,0,0,0,,,,0,5,2010,WD,Normal,155000
260,261,80,RL,120.0,19296,Pave,,Reg,Lvl,AllPub,Corner,Gtl,NAmes,Artery,Norm,1Fam,SLvl,6,5,1962,1962,Gable,CompShg,Wd Sdng,Wd Sdng,BrkFace,399.0,TA,TA,CBlock,TA,TA,Gd,Rec,672,ALQ,690,0,1362,GasA,TA,Y,SBrkr,1382,0,0,1382,1,0,1,0,3,1,TA,6,Typ,1,TA,Attchd,1991.0,Unf,2,884,TA,TA,Y,0,0,252,0,0,0,,GdWo,,0,5,2009,WD,Normal,176000
507,508,20,FV,75.0,7862,Pave,,IR1,Lvl,AllPub,Inside,Gtl,Somerst,Norm,Norm,1Fam,1Story,6,5,2009,2009,Gable,CompShg,VinylSd,VinylSd,None,0.0,Gd,TA,PConc,Gd,TA,No,GLQ,27,Unf,0,1191,1218,GasA,Ex,Y,SBrkr,1218,0,0,1218,0,0,2,0,2,1,Gd,4,Typ,0,,Attchd,2009.0,Fin,2,676,TA,TA,Y,0,102,0,0,0,0,,,,0,9,2009,New,Partial,208300
427,428,20,RL,77.0,8593,Pave,,IR1,Lvl,AllPub,Inside,Gtl,NAmes,Norm,Norm,1Fam,1Story,4,6,1957,1957,Hip,CompShg,MetalSd,MetalSd,None,0.0,TA,TA,CBlock,TA,TA,No,Rec,288,Unf,0,619,907,GasA,Ex,Y,SBrkr,907,0,0,907,0,0,1,0,3,1,TA,5,Typ,0,,Detchd,1964.0,Unf,1,352,TA,TA,Y,0,0,0,0,0,0,,,,0,7,2008,WD,Normal,109008
248,249,60,RL,72.0,11317,Pave,,Reg,Lvl,AllPub,Inside,Gtl,CollgCr,Norm,Norm,1Fam,2Story,7,5,2003,2003,Gable,CompShg,VinylSd,VinylSd,BrkFace,101.0,Gd,TA,PConc,Gd,TA,No,Unf,0,Unf,0,840,840,GasA,Ex,Y,SBrkr,840,828,0,1668,0,0,2,1,3,1,Gd,8,Typ,0,,Attchd,2003.0,RFn,2,500,TA,TA,Y,144,68,0,0,0,0,,,,0,9,2007,WD,Normal,180000
398,399,30,RM,60.0,8967,Pave,,Reg,Lvl,AllPub,Corner,Gtl,IDOTRR,Norm,Norm,1Fam,1Story,5,2,1920,1950,Gable,CompShg,MetalSd,MetalSd,None,0.0,TA,Fa,BrkTil,Fa,Po,No,Unf,0,Unf,0,961,961,GasA,Gd,Y,Mix,1077,0,0,1077,0,0,1,0,2,1,TA,6,Maj2,0,,Detchd,1920.0,Unf,1,338,Po,Po,N,0,0,0,0,0,0,,,,0,11,2007,WD,Abnorml,67000
1404,1405,50,RL,60.0,10410,Pave,Grvl,Reg,Lvl,AllPub,Corner,Gtl,OldTown,Artery,Norm,1Fam,1.5Fin,3,4,1915,1950,Gable,CompShg,Wd Sdng,Wd Sdng,None,0.0,TA,TA,PConc,TA,TA,No,Unf,0,Unf,0,672,672,GasA,TA,Y,SBrkr,694,520,0,1214,0,0,1,0,3,1,TA,6,Typ,0,,Detchd,1998.0,Unf,3,936,TA,TA,Y,216,0,160,0,0,0,,MnPrv,,0,1,2006,WD,Family,105000
1351,1352,60,RL,70.0,9247,Pave,,IR1,Lvl,AllPub,Inside,Gtl,NAmes,Norm,Norm,1Fam,2Story,6,6,1962,1962,Gable,CompShg,HdBoard,HdBoard,BrkFace,318.0,TA,TA,CBlock,TA,TA,No,Rec,319,Unf,0,539,858,GasA,Ex,Y,SBrkr,858,858,0,1716,0,0,1,1,4,1,TA,8,Typ,1,Gd,Attchd,1962.0,Fin,2,490,TA,TA,Y,0,84,0,0,120,0,,,,0,3,2008,WD,Normal,171000
294,295,20,RL,80.0,9600,Pave,,Reg,Lvl,AllPub,Inside,Gtl,NAmes,Norm,Norm,1Fam,1Story,6,5,1953,1953,Hip,CompShg,HdBoard,HdBoard,Stone,238.0,TA,TA,CBlock,TA,TA,No,GLQ,1285,Unf,0,131,1416,GasA,TA,Y,SBrkr,1644,0,0,1644,1,0,1,0,3,1,TA,7,Typ,2,Gd,Attchd,1953.0,Fin,2,418,TA,TA,Y,110,0,0,0,0,0,,,,0,10,2009,WD,Normal,167000
1275,1276,90,RL,95.0,11345,Pave,,Reg,Lvl,AllPub,Corner,Gtl,NAmes,Feedr,Norm,Duplex,2Story,5,5,1948,1950,Gable,Roll,AsbShng,AsbShng,Stone,567.0,TA,TA,CBlock,TA,TA,No,Rec,220,Unf,0,708,928,GasA,Gd,Y,FuseA,928,992,0,1920,0,0,2,0,4,2,TA,10,Typ,0,,Detchd,1948.0,Unf,2,400,TA,Fa,Y,0,0,0,0,0,0,,,,0,7,2007,WD,Normal,137000
488,489,190,RL,60.0,10800,Pave,,Reg,Lvl,AllPub,Corner,Gtl,OldTown,Norm,Norm,2fmCon,1.5Fin,5,4,1900,1970,Gable,CompShg,Wd Sdng,Wd Sdng,None,0.0,TA,Fa,CBlock,TA,Fa,No,BLQ,664,Unf,0,290,954,GasA,TA,N,FuseA,1766,648,0,2414,0,0,2,0,3,2,TA,10,Mod,1,Gd,Attchd,1970.0,Unf,2,520,TA,Fa,N,142,0,0,0,0,0,,,,0,5,2006,ConLD,Normal,160000
866,867,20,RL,67.0,10656,Pave,,IR1,HLS,AllPub,Inside,Gtl,Timber,Norm,Norm,1Fam,1Story,8,5,2006,2007,Gable,CompShg,VinylSd,VinylSd,Stone,274.0,Gd,TA,PConc,Gd,TA,Av,Unf,0,Unf,0,1638,1638,GasA,Ex,Y,SBrkr,1646,0,0,1646,0,0,2,0,3,1,Gd,6,Typ,1,Gd,Attchd,2007.0,RFn,3,870,TA,TA,Y,192,80,0,0,0,0,,,,0,11,2007,New,Partial,248900
643,644,60,RL,80.0,10793,Pave,,Reg,Lvl,AllPub,Inside,Gtl,NWAmes,RRAn,Norm,1Fam,2Story,5,5,1969,1969,Mansard,CompShg,WdShing,HdBoard,BrkFace,263.0,TA,TA,CBlock,TA,TA,No,Rec,493,BLQ,287,0,780,GasA,Ex,Y,SBrkr,780,840,0,1620,0,0,2,1,4,1,TA,7,Min1,0,,Attchd,1969.0,Fin,2,462,TA,TA,Y,208,0,0,0,0,0,,GdWo,,0,4,2007,WD,Normal,152000
476,477,20,RL,75.0,13125,Pave,,Reg,Lvl,AllPub,Inside,Mod,CollgCr,Norm,Norm,1Fam,1Story,6,5,1997,1998,Gable,CompShg,VinylSd,VinylSd,BrkFace,215.0,TA,TA,PConc,Gd,TA,Gd,GLQ,994,Unf,0,484,1478,GasA,Ex,Y,SBrkr,1493,0,0,1493,1,0,2,0,3,1,Gd,7,Typ,1,TA,Attchd,1997.0,Fin,2,508,TA,TA,Y,140,39,0,0,0,0,,,,0,4,2008,WD,Normal,208900
613,614,20,RL,70.0,8402,Pave,,Reg,Lvl,AllPub,Inside,Gtl,Mitchel,Feedr,Norm,1Fam,1Story,5,5,2007,2007,Gable,CompShg,VinylSd,VinylSd,None,0.0,TA,TA,PConc,Gd,TA,No,ALQ,206,Unf,0,914,1120,GasA,Ex,Y,SBrkr,1120,0,0,1120,0,0,1,0,3,1,TA,6,Typ,0,,,,,0,0,,,Y,0,30,0,0,0,0,,,,0,12,2007,New,Partial,147000
528,529,30,RL,58.0,9098,Pave,,IR1,Lvl,AllPub,Inside,Gtl,Edwards,Norm,Norm,1Fam,1Story,4,7,1920,2002,Gable,CompShg,Wd Sdng,Wd Sdng,None,0.0,TA,TA,BrkTil,TA,TA,Mn,ALQ,348,Unf,0,180,528,GasA,Ex,Y,SBrkr,605,0,0,605,1,0,1,0,2,1,TA,5,Typ,0,,,,,0,0,,,N,0,0,144,0,0,0,,,,0,7,2007,WD,Normal,86000
1286,1287,20,RL,,9790,Pave,,Reg,Lvl,AllPub,Inside,Gtl,NWAmes,Feedr,Norm,1Fam,1Story,6,5,1963,1963,Hip,CompShg,HdBoard,HdBoard,BrkFace,451.0,TA,TA,CBlock,TA,TA,No,ALQ,569,Rec,81,678,1328,GasA,TA,Y,SBrkr,1328,0,0,1328,1,0,1,1,3,1,TA,6,Typ,2,Gd,Attchd,1963.0,Unf,2,528,TA,TA,Y,0,26,0,0,0,0,,,,0,6,2010,WD,Normal,143000
523,524,60,RL,130.0,40094,Pave,,IR1,Bnk,AllPub,Inside,Gtl,Edwards,PosN,PosN,1Fam,2Story,10,5,2007,2008,Hip,CompShg,CemntBd,CmentBd,Stone,762.0,Ex,TA,PConc,Ex,TA,Gd,GLQ,2260,Unf,0,878,3138,GasA,Ex,Y,SBrkr,3138,1538,0,4676,1,0,3,1,3,1,Ex,11,Typ,1,Gd,BuiltIn,2007.0,Fin,3,884,TA,TA,Y,208,406,0,0,0,0,,,,0,10,2007,New,Partial,184750
1262,1263,50,RL,,11250,Pave,,Reg,Lvl,AllPub,Inside,Gtl,ClearCr,Norm,Norm,1Fam,1.5Fin,4,5,1957,1989,Gable,CompShg,Wd Sdng,Wd Sdng,None,0.0,TA,TA,CBlock,TA,TA,Av,Unf,0,Unf,0,1104,1104,GasA,Ex,Y,FuseA,1104,684,0,1788,1,0,1,0,5,1,TA,8,Min2,2,TA,Attchd,1957.0,Unf,1,304,TA,TA,Y,120,0,0,0,0,0,,,,0,11,2009,WD,Normal,161500
1167,1168,60,RL,58.0,10852,Pave,,IR1,Lvl,AllPub,Inside,Gtl,Gilbert,RRAn,Norm,1Fam,2Story,6,5,2000,2000,Gable,CompShg,VinylSd,VinylSd,None,0.0,TA,TA,PConc,Gd,TA,No,GLQ,786,Unf,0,173,959,GasA,Ex,Y,SBrkr,959,712,0,1671,1,0,2,1,3,1,TA,7,Typ,1,TA,Attchd,2000.0,Fin,2,472,TA,TA,Y,0,38,0,0,0,0,,,,0,2,2006,WD,Normal,173000
605,606,60,RL,85.0,13600,Pave,,Reg,Lvl,AllPub,Inside,Gtl,NAmes,Norm,Norm,1Fam,2Story,7,6,1965,1990,Gable,CompShg,HdBoard,HdBoard,BrkFace,176.0,TA,TA,CBlock,TA,TA,No,BLQ,454,Unf,0,314,768,GasA,TA,Y,SBrkr,1186,800,0,1986,0,0,2,1,3,1,TA,7,Typ,3,Fa,Attchd,1965.0,Unf,2,486,TA,TA,Y,0,42,0,0,189,0,,,,0,10,2009,WD,Normal,205000
556,557,20,RL,69.0,14850,Pave,,IR1,Lvl,AllPub,Inside,Gtl,NAmes,Norm,Norm,1Fam,1Story,5,5,1957,1957,Gable,CompShg,Wd Sdng,Wd Sdng,None,0.0,TA,TA,CBlock,TA,TA,No,Rec,895,Unf,0,197,1092,GasA,TA,Y,FuseA,1092,0,0,1092,1,0,1,0,2,1,TA,6,Typ,1,TA,Attchd,1957.0,Fin,1,299,TA,TA,Y,268,0,0,0,122,0,,MnWw,,0,5,2006,WD,Normal,141000
1416,1417,190,RM,60.0,11340,Pave,,Reg,Lvl,AllPub,Inside,Gtl,OldTown,Norm,Norm,2fmCon,2Story,4,6,1885,1950,Gable,CompShg,VinylSd,AsbShng,None,0.0,TA,TA,PConc,TA,TA,No,Unf,0,Unf,0,777,777,GasA,Gd,Y,SBrkr,1246,1044,0,2290,0,0,2,0,4,2,TA,11,Typ,0,,Detchd,1971.0,Unf,2,560,TA,TA,N,0,0,114,0,0,0,,,,0,4,2010,WD,Normal,122500
669,670,30,RL,80.0,11600,Pave,,Reg,Lvl,AllPub,Inside,Gtl,Crawfor,Norm,Norm,1Fam,1Story,4,5,1922,1950,Gable,CompShg,MetalSd,MetalSd,None,0.0,TA,TA,BrkTil,Fa,TA,No,Unf,0,Unf,0,700,700,GasA,Ex,Y,SBrkr,1180,0,0,1180,0,0,1,0,2,1,Fa,5,Typ,1,Gd,Detchd,1922.0,Unf,1,252,TA,Fa,Y,0,0,67,0,0,0,,,,0,7,2006,WD,Normal,137500
209,210,20,RL,75.0,8250,Pave,,Reg,Lvl,AllPub,Inside,Gtl,NAmes,Norm,Norm,1Fam,1Story,6,7,1964,1964,Hip,CompShg,HdBoard,HdBoard,Stone,260.0,TA,TA,CBlock,Gd,TA,No,Rec,787,Unf,0,305,1092,GasA,Ex,Y,SBrkr,1092,0,0,1092,1,0,1,0,3,1,TA,6,Typ,0,,Attchd,1964.0,RFn,2,504,TA,Gd,Y,0,0,0,0,0,0,,MnPrv,,0,7,2008,WD,Normal,145000
1021,1022,20,RL,64.0,7406,Pave,,Reg,Lvl,AllPub,Inside,Gtl,CollgCr,Norm,Norm,1Fam,1Story,7,5,2006,2006,Gable,CompShg,VinylSd,VinylSd,Stone,84.0,Gd,TA,PConc,Gd,TA,Av,GLQ,684,Unf,0,515,1199,GasA,Ex,Y,SBrkr,1220,0,0,1220,1,0,2,0,2,1,Gd,6,Typ,0,,Attchd,2006.0,RFn,2,632,TA,TA,Y,105,54,0,0,0,0,,,,0,7,2006,New,Partial,194000
1239,1240,20,RL,64.0,9037,Pave,,IR1,HLS,AllPub,Inside,Gtl,Timber,Norm,Norm,1Fam,1Story,8,5,2006,2006,Hip,CompShg,VinylSd,VinylSd,BrkFace,32.0,Gd,TA,PConc,Gd,TA,Av,GLQ,428,Unf,0,1048,1476,GasA,Ex,Y,SBrkr,1484,0,0,1484,0,0,2,0,2,1,Ex,6,Typ,1,Gd,Attchd,2006.0,RFn,2,472,TA,TA,Y,120,33,0,0,0,0,,,,0,12,2007,WD,Normal,265900
210,211,30,RL,67.0,5604,Pave,,Reg,Lvl,AllPub,Inside,Gtl,Edwards,Norm,Norm,1Fam,1Story,5,6,1925,1950,Gable,CompShg,Stucco,Stucco,None,0.0,TA,TA,CBlock,TA,TA,No,Rec,468,Unf,0,396,864,GasA,TA,N,FuseA,864,0,0,864,1,0,1,0,2,1,TA,5,Typ,0,,,,,0,0,,,Y,0,0,96,0,0,0,,,,0,4,2008,WD,Normal,98000
65,66,60,RL,76.0,9591,Pave,,Reg,Lvl,AllPub,Inside,Gtl,NridgHt,Norm,Norm,1Fam,2Story,8,5,2004,2005,Gable,CompShg,VinylSd,VinylSd,BrkFace,344.0,Gd,TA,PConc,Ex,TA,Av,Unf,0,Unf,0,1143,1143,GasA,Ex,Y,SBrkr,1143,1330,0,2473,0,0,2,1,4,1,Gd,9,Typ,1,Gd,BuiltIn,2004.0,RFn,3,852,TA,TA,Y,192,151,0,0,0,0,,,,0,10,2007,WD,Normal,317000
1346,1347,20,RL,,20781,Pave,,IR2,Lvl,AllPub,CulDSac,Gtl,NWAmes,PosN,Norm,1Fam,1Story,7,7,1968,2003,Hip,CompShg,BrkFace,HdBoard,None,0.0,TA,TA,CBlock,TA,TA,No,BLQ,297,Rec,68,1203,1568,GasA,TA,Y,SBrkr,2156,0,0,2156,0,0,2,0,3,1,TA,9,Typ,1,Gd,Attchd,1968.0,RFn,2,508,Gd,TA,Y,0,80,0,290,0,0,,,,0,6,2006,WD,Normal,262500
857,858,60,RL,65.0,8125,Pave,,Reg,Lvl,AllPub,Inside,Gtl,Gilbert,Norm,Norm,1Fam,2Story,6,5,1994,1995,Gable,CompShg,HdBoard,HdBoard,None,0.0,TA,TA,PConc,Gd,TA,No,Unf,0,Unf,0,702,702,GasA,Gd,Y,SBrkr,702,779,0,1481,0,0,2,1,3,1,TA,6,Typ,1,TA,Attchd,1994.0,Fin,2,343,TA,TA,Y,0,36,0,0,0,0,,,,0,3,2009,WD,Normal,174000
1269,1270,50,RL,78.0,11344,Pave,,Reg,Lvl,AllPub,Inside,Gtl,NAmes,Feedr,Norm,1Fam,1.5Fin,5,5,1958,1958,Gable,CompShg,MetalSd,MetalSd,BrkFace,180.0,TA,TA,CBlock,TA,TA,No,BLQ,460,Unf,0,414,874,GasW,TA,Y,FuseA,874,650,0,1524,0,0,1,1,3,1,TA,7,Typ,0,,Attchd,1958.0,Unf,1,315,TA,TA,Y,0,0,0,0,0,0,,GdWo,,0,7,2007,WD,Normal,144000
508,509,70,RM,60.0,9600,Pave,,Reg,Lvl,AllPub,Inside,Gtl,OldTown,Norm,Norm,1Fam,2Story,7,9,1928,2005,Gambrel,CompShg,MetalSd,MetalSd,None,0.0,TA,Ex,BrkTil,TA,TA,No,Rec,141,Unf,0,548,689,GasA,Ex,Y,SBrkr,689,689,0,1378,0,0,2,0,3,1,Gd,7,Typ,1,Gd,Detchd,1928.0,Unf,2,360,TA,TA,N,0,0,116,0,0,0,,,,0,10,2008,WD,Normal,161000
329,330,70,RM,60.0,6402,Pave,,Reg,Lvl,AllPub,Corner,Gtl,IDOTRR,Norm,Norm,1Fam,2Story,5,5,1920,1950,Gable,CompShg,Wd Sdng,Wd Shng,None,0.0,TA,TA,PConc,TA,TA,Mn,Unf,0,Unf,0,596,596,GasA,TA,N,SBrkr,596,596,0,1192,0,0,1,0,3,1,TA,6,Typ,0,,Detchd,1920.0,Unf,1,189,Fa,Fa,N,0,0,137,0,0,0,,GdWo,,0,7,2009,WD,Normal,78000
1215,1216,20,RL,99.0,7094,Pave,,IR1,Lvl,AllPub,Inside,Gtl,Sawyer,Norm,Norm,1Fam,1Story,5,5,1966,1966,Gable,CompShg,VinylSd,VinylSd,None,0.0,TA,TA,CBlock,TA,TA,No,Rec,180,LwQ,374,340,894,GasA,TA,Y,SBrkr,894,0,0,894,0,0,1,0,3,1,TA,5,Typ,0,,Detchd,1966.0,RFn,1,384,TA,TA,Y,0,0,0,0,0,0,,MnPrv,,0,5,2007,WD,Normal,125000
343,344,120,RL,63.0,8849,Pave,,IR1,Lvl,AllPub,Inside,Gtl,NridgHt,Norm,Norm,TwnhsE,1Story,9,5,2005,2005,Hip,CompShg,MetalSd,MetalSd,BrkFace,616.0,Ex,TA,PConc,Ex,TA,No,GLQ,28,Unf,0,1656,1684,GasA,Ex,Y,SBrkr,1684,0,0,1684,0,0,2,0,2,1,Ex,6,Typ,1,Ex,Attchd,2005.0,RFn,2,564,TA,TA,Y,495,72,0,0,0,0,,,,0,7,2008,WD,Normal,266000
1347,1348,20,RL,93.0,15306,Pave,,IR1,HLS,AllPub,Corner,Gtl,Timber,Norm,Norm,1Fam,1Story,8,5,2006,2007,Gable,CompShg,VinylSd,VinylSd,Stone,100.0,Gd,TA,PConc,Ex,TA,Gd,GLQ,80,Unf,0,1652,1732,GasA,Ex,Y,SBrkr,1776,0,0,1776,1,0,2,0,3,1,Gd,7,Typ,1,Gd,Attchd,2006.0,Fin,3,712,TA,TA,Y,0,0,0,0,0,0,,,,0,5,2007,New,Partial,283463
1007,1008,160,RM,21.0,2217,Pave,,Reg,Lvl,AllPub,Inside,Gtl,MeadowV,Norm,Norm,TwnhsE,2Story,4,4,1970,1970,Gable,CompShg,CemntBd,CmentBd,None,0.0,TA,TA,CBlock,TA,TA,No,BLQ,273,LwQ,273,0,546,GasA,TA,Y,SBrkr,546,546,0,1092,0,0,1,1,3,1,TA,6,Typ,0,,Attchd,1970.0,RFn,1,286,TA,TA,Y,238,0,0,0,0,0,,,,0,8,2009,WD,Normal,88000
487,488,20,RL,70.0,12243,Pave,,IR1,Lvl,AllPub,Inside,Gtl,NWAmes,Norm,Norm,1Fam,1Story,5,6,1971,1971,Gable,CompShg,Plywood,Plywood,None,0.0,TA,TA,CBlock,Gd,TA,Av,ALQ,998,Unf,0,486,1484,GasA,Gd,Y,SBrkr,1484,0,0,1484,0,0,2,0,3,1,TA,7,Typ,1,TA,Attchd,1971.0,Unf,2,487,TA,TA,Y,224,0,0,0,180,0,,,,0,2,2007,WD,Normal,175000
869,870,60,RL,80.0,9938,Pave,,Reg,Lvl,AllPub,Inside,Gtl,SawyerW,Norm,Norm,1Fam,2Story,7,5,1993,1994,Gable,CompShg,MetalSd,MetalSd,BrkFace,246.0,Gd,TA,PConc,Gd,TA,No,GLQ,750,Unf,0,300,1050,GasA,Ex,Y,SBrkr,1062,887,0,1949,1,0,2,1,3,1,Gd,8,Typ,1,TA,Attchd,1993.0,Fin,2,574,TA,TA,Y,156,90,0,0,0,0,,GdPrv,,0,6,2010,WD,Normal,236000
105,106,60,FV,75.0,9375,Pave,,Reg,Lvl,AllPub,Inside,Gtl,Somerst,Norm,Norm,1Fam,2Story,8,5,2003,2004,Hip,CompShg,VinylSd,VinylSd,BrkFace,768.0,Gd,TA,PConc,Ex,TA,No,Unf,0,Unf,0,1053,1053,GasA,Ex,Y,SBrkr,1053,939,0,1992,0,0,2,1,3,1,Gd,9,Typ,1,Gd,Attchd,2003.0,RFn,2,648,TA,TA,Y,140,45,0,0,0,0,,,,0,8,2008,WD,Normal,250000
291,292,190,RL,55.0,5687,Pave,Grvl,Reg,Bnk,AllPub,Inside,Gtl,SWISU,Norm,Norm,2fmCon,2Story,5,6,1912,2000,Gable,CompShg,VinylSd,VinylSd,None,0.0,TA,Fa,PConc,TA,Fa,No,Rec,210,Unf,0,570,780,GasA,Ex,N,SBrkr,936,780,0,1716,1,0,2,0,6,1,Fa,9,Typ,0,,,,,0,0,,,N,0,184,0,0,0,0,,,,0,3,2008,WD,Normal,135900
577,578,80,RL,96.0,11777,Pave,,IR1,Lvl,AllPub,Inside,Gtl,Sawyer,Norm,Norm,1Fam,SLvl,5,6,1966,1966,Gable,CompShg,VinylSd,VinylSd,BrkFace,97.0,TA,TA,CBlock,TA,TA,Av,LwQ,328,ALQ,551,285,1164,GasA,Ex,Y,SBrkr,1320,0,0,1320,1,0,1,0,3,1,TA,6,Typ,2,Fa,Attchd,1966.0,RFn,2,564,TA,TA,Y,160,68,240,0,0,0,,,,0,5,2006,WD,Abnorml,164500
870,871,20,RL,60.0,6600,Pave,,Reg,Lvl,AllPub,Inside,Gtl,NAmes,PosN,Norm,1Fam,1Story,5,5,1962,1962,Hip,CompShg,MetalSd,MetalSd,None,0.0,TA,TA,CBlock,TA,TA,No,Unf,0,Unf,0,894,894,GasA,Gd,N,SBrkr,894,0,0,894,0,0,1,0,2,1,TA,5,Typ,0,,Detchd,1962.0,Unf,1,308,TA,TA,Y,0,0,0,0,0,0,,,,0,8,2009,WD,Normal,109500
365,366,70,RM,59.0,10690,Pave,,Reg,Lvl,AllPub,Inside,Gtl,IDOTRR,Norm,Norm,1Fam,2Story,5,7,1920,1997,Hip,CompShg,VinylSd,VinylSd,None,0.0,TA,Gd,CBlock,TA,Fa,No,Rec,456,Unf,0,216,672,GasA,Gd,Y,FuseA,672,672,0,1344,0,0,1,0,3,1,TA,6,Typ,0,,Detchd,1964.0,Unf,1,468,TA,Fa,Y,0,128,218,0,0,0,,,,0,7,2009,WD,Normal,147000
403,404,60,RL,93.0,12090,Pave,,Reg,Lvl,AllPub,Corner,Gtl,NoRidge,Norm,Norm,1Fam,2Story,8,5,1998,1998,Hip,CompShg,VinylSd,VinylSd,BrkFace,650.0,Gd,TA,PConc,Gd,TA,No,Unf,0,Unf,0,1141,1141,GasA,Gd,Y,SBrkr,1165,1098,0,2263,0,0,2,1,4,1,Gd,10,Typ,1,TA,BuiltIn,1998.0,Fin,2,420,TA,TA,Y,144,123,0,0,0,0,,,,0,7,2006,WD,Abnorml,258000
123,124,120,RL,55.0,7892,Pave,,Reg,Lvl,AllPub,Inside,Gtl,SawyerW,Norm,Norm,TwnhsE,1Story,6,5,1993,1993,Gable,CompShg,Plywood,Plywood,None,0.0,Gd,TA,PConc,Gd,TA,No,GLQ,300,Unf,0,899,1199,GasA,Ex,Y,SBrkr,1199,0,0,1199,0,0,2,0,2,1,Gd,5,Typ,0,,Attchd,1993.0,RFn,2,530,TA,TA,Y,0,63,0,0,0,0,,,,0,3,2008,WD,Normal,153900
916,917,20,C (all),50.0,9000,Pave,,Reg,Lvl,AllPub,Inside,Gtl,IDOTRR,Norm,Norm,1Fam,1Story,2,3,1949,1950,Gable,CompShg,AsbShng,AsbShng,None,0.0,TA,TA,CBlock,TA,TA,Av,BLQ,50,Unf,0,430,480,GasA,TA,N,FuseA,480,0,0,480,1,0,0,0,1,1,TA,4,Typ,0,,Detchd,1958.0,Unf,1,308,TA,TA,Y,0,0,0,0,0,0,,,,0,10,2006,WD,Abnorml,35311
350,351,120,RL,68.0,7820,Pave,,IR1,Lvl,AllPub,Inside,Gtl,NridgHt,Norm,Norm,TwnhsE,1Story,9,5,2007,2007,Hip,CompShg,MetalSd,MetalSd,BrkFace,362.0,Ex,TA,PConc,Ex,TA,No,Unf,0,Unf,0,1869,1869,GasA,Ex,Y,SBrkr,1869,0,0,1869,0,0,2,0,2,1,Ex,6,Typ,1,Gd,Attchd,2007.0,RFn,2,617,TA,TA,Y,210,54,0,0,0,0,,,,0,12,2007,New,Partial,318061
56,57,160,FV,24.0,2645,Pave,Pave,Reg,Lvl,AllPub,Inside,Gtl,Somerst,Norm,Norm,Twnhs,2Story,8,5,1999,2000,Gable,CompShg,MetalSd,MetalSd,BrkFace,456.0,Gd,TA,PConc,Gd,TA,No,GLQ,649,Unf,0,321,970,GasA,Ex,Y,SBrkr,983,756,0,1739,1,0,2,1,3,1,Gd,7,Typ,0,,Attchd,1999.0,Fin,2,480,TA,TA,Y,115,0,0,0,0,0,,,,0,8,2009,WD,Abnorml,172500
973,974,20,FV,95.0,11639,Pave,,Reg,Lvl,AllPub,Corner,Gtl,Somerst,Norm,Norm,1Fam,1Story,7,5,2007,2008,Gable,CompShg,CemntBd,CmentBd,,,Gd,TA,PConc,Gd,TA,No,Unf,0,Unf,0,1428,1428,GasA,Ex,Y,SBrkr,1428,0,0,1428,0,0,2,0,3,1,Gd,6,Typ,0,,Attchd,2007.0,Fin,2,480,TA,TA,Y,0,120,0,0,0,0,,,,0,12,2008,New,Partial,182000
926,927,60,RL,93.0,11999,Pave,,Reg,Lvl,AllPub,Inside,Gtl,NridgHt,Norm,Norm,1Fam,2Story,8,5,2003,2004,Hip,CompShg,VinylSd,VinylSd,BrkFace,340.0,Gd,TA,PConc,Gd,TA,No,Unf,0,Unf,0,1181,1181,GasA,Ex,Y,SBrkr,1234,1140,0,2374,0,0,2,1,4,1,Ex,10,Typ,1,Gd,BuiltIn,2003.0,Fin,3,656,TA,TA,Y,104,100,0,0,0,0,,,,0,5,2007,WD,Normal,285000
691,692,60,RL,104.0,21535,Pave,,IR1,Lvl,AllPub,Corner,Gtl,NoRidge,Norm,Norm,1Fam,2Story,10,6,1994,1995,Gable,WdShngl,HdBoard,HdBoard,BrkFace,1170.0,Ex,TA,PConc,Ex,TA,Gd,GLQ,1455,Unf,0,989,2444,GasA,Ex,Y,SBrkr,2444,1872,0,4316,0,1,3,1,4,1,Ex,10,Typ,2,Ex,Attchd,1994.0,Fin,3,832,TA,TA,Y,382,50,0,0,0,0,,,,0,1,2007,WD,Normal,755000
898,899,20,RL,100.0,12919,Pave,,IR1,Lvl,AllPub,Inside,Gtl,NridgHt,Norm,Norm,1Fam,1Story,9,5,2009,2010,Hip,CompShg,VinylSd,VinylSd,Stone,760.0,Ex,TA,PConc,Ex,TA,Gd,GLQ,2188,Unf,0,142,2330,GasA,Ex,Y,SBrkr,2364,0,0,2364,1,0,2,1,2,1,Ex,11,Typ,2,Gd,Attchd,2009.0,Fin,3,820,TA,TA,Y,0,67,0,0,0,0,,,,0,3,2010,New,Partial,611657
428,429,20,RL,64.0,6762,Pave,,Reg,Lvl,AllPub,Inside,Gtl,CollgCr,Norm,Norm,1Fam,1Story,7,5,2007,2007,Gable,CompShg,VinylSd,VinylSd,BrkFace,108.0,Gd,TA,PConc,Gd,TA,No,GLQ,664,Unf,0,544,1208,GasA,Ex,Y,SBrkr,1208,0,0,1208,1,0,2,0,2,1,Gd,6,Typ,0,,Attchd,2007.0,RFn,2,628,TA,TA,Y,105,54,0,0,0,0,,,,0,9,2007,New,Partial,195400
238,239,20,RL,93.0,12030,Pave,,Reg,Lvl,AllPub,Inside,Gtl,NridgHt,Norm,Norm,1Fam,1Story,8,5,2007,2007,Hip,CompShg,VinylSd,VinylSd,BrkFace,254.0,Ex,TA,PConc,Ex,TA,No,Unf,0,Unf,0,1694,1694,GasA,Ex,Y,SBrkr,1694,0,0,1694,0,0,2,0,3,1,Gd,7,Typ,0,,Attchd,2007.0,Fin,3,818,TA,TA,Y,168,228,0,0,0,0,,,,0,12,2007,New,Partial,318000
883,884,75,RL,60.0,6204,Pave,,Reg,Bnk,AllPub,Inside,Gtl,SWISU,Norm,Norm,1Fam,2.5Fin,4,5,1912,1950,Gable,CompShg,Wd Sdng,Wd Sdng,None,0.0,Gd,TA,PConc,TA,Fa,No,Unf,0,Unf,0,795,795,GasA,TA,N,SBrkr,954,795,481,2230,1,0,1,0,5,1,TA,10,Typ,0,,Detchd,1997.0,Unf,1,440,TA,Gd,Y,0,188,0,0,0,0,,,,0,3,2006,WD,Normal,118500
757,758,60,RL,,11616,Pave,,IR1,Lvl,AllPub,CulDSac,Gtl,Sawyer,Norm,Norm,1Fam,2Story,6,5,1978,1978,Hip,CompShg,HdBoard,HdBoard,BrkCmn,328.0,TA,TA,CBlock,TA,TA,Mn,Rec,438,Unf,0,234,672,GasA,TA,Y,SBrkr,672,714,0,1386,0,0,2,1,3,1,TA,6,Typ,1,TA,Attchd,1978.0,Fin,2,440,TA,TA,Y,335,0,0,0,0,0,,GdPrv,,0,4,2010,WD,Abnorml,158900
1121,1122,20,RL,84.0,10084,Pave,,Reg,Lvl,AllPub,Inside,Gtl,CollgCr,Norm,Norm,1Fam,1Story,7,5,2005,2006,Gable,CompShg,VinylSd,VinylSd,BrkFace,196.0,Gd,TA,PConc,Gd,TA,Av,GLQ,24,Unf,0,1528,1552,GasA,Ex,Y,SBrkr,1552,0,0,1552,0,0,2,0,3,1,Gd,7,Typ,0,,Attchd,2005.0,RFn,3,782,TA,TA,Y,144,20,0,0,0,0,,,,0,7,2006,New,Partial,212900
1342,1343,60,RL,,9375,Pave,,Reg,Lvl,AllPub,Inside,Gtl,CollgCr,Norm,Norm,1Fam,2Story,8,5,2002,2002,Gable,CompShg,VinylSd,VinylSd,BrkFace,149.0,Gd,TA,PConc,Gd,TA,No,Unf,0,Unf,0,1284,1284,GasA,Ex,Y,SBrkr,1284,885,0,2169,0,0,2,1,3,1,Gd,7,Typ,1,Gd,Attchd,2002.0,RFn,2,647,TA,TA,Y,192,87,0,0,0,0,,,,0,8,2007,WD,Normal,228500
137,138,90,RL,82.0,11070,Pave,,Reg,Lvl,AllPub,Inside,Gtl,Mitchel,Norm,Norm,Duplex,1Story,7,5,1988,1989,Gable,CompShg,VinylSd,VinylSd,BrkFace,70.0,TA,TA,CBlock,TA,TA,No,Unf,0,Unf,0,1907,1907,GasA,Gd,Y,SBrkr,1959,0,0,1959,0,0,3,0,5,2,TA,9,Typ,0,,2Types,1989.0,Unf,3,766,TA,TA,Y,0,0,0,0,0,0,,,,0,7,2006,WD,Family,171000
18,19,20,RL,66.0,13695,Pave,,Reg,Lvl,AllPub,Inside,Gtl,SawyerW,RRAe,Norm,1Fam,1Story,5,5,2004,2004,Gable,CompShg,VinylSd,VinylSd,None,0.0,TA,TA,PConc,TA,TA,No,GLQ,646,Unf,0,468,1114,GasA,Ex,Y,SBrkr,1114,0,0,1114,1,0,1,1,3,1,Gd,6,Typ,0,,Detchd,2004.0,Unf,2,576,TA,TA,Y,0,102,0,0,0,0,,,,0,6,2008,WD,Normal,159000
1433,1434,60,RL,93.0,10261,Pave,,IR1,Lvl,AllPub,Inside,Gtl,Gilbert,Norm,Norm,1Fam,2Story,6,5,2000,2000,Gable,CompShg,VinylSd,VinylSd,BrkFace,318.0,TA,TA,PConc,Gd,TA,No,Unf,0,Unf,0,936,936,GasA,Ex,Y,SBrkr,962,830,0,1792,1,0,2,1,3,1,TA,8,Typ,1,TA,Attchd,2000.0,Fin,2,451,TA,TA,Y,0,0,0,0,0,0,,,,0,5,2008,WD,Normal,186500
734,735,20,RL,,8978,Pave,,IR1,Lvl,AllPub,Corner,Gtl,Sawyer,Norm,Norm,1Fam,1Story,5,5,1968,1968,Gable,CompShg,Plywood,Plywood,None,0.0,TA,TA,PConc,TA,TA,No,Unf,0,Unf,0,948,948,GasA,TA,Y,SBrkr,948,0,0,948,0,0,1,0,3,1,TA,6,Typ,0,,Attchd,1968.0,Unf,1,300,TA,TA,Y,147,0,0,0,0,0,,,,0,5,2007,WD,Family,108000
587,588,85,RL,74.0,8740,Pave,,IR1,Lvl,AllPub,Inside,Gtl,Sawyer,Norm,Norm,1Fam,SFoyer,5,6,1982,1982,Hip,CompShg,HdBoard,HdBoard,None,0.0,TA,TA,CBlock,TA,TA,Av,ALQ,672,Unf,0,168,840,GasA,TA,Y,SBrkr,860,0,0,860,1,0,1,0,2,1,TA,4,Typ,0,,Detchd,1996.0,Unf,2,528,TA,TA,Y,0,0,0,0,0,0,,,,0,7,2009,WD,Normal,137000
6,7,20,RL,75.0,10084,Pave,,Reg,Lvl,AllPub,Inside,Gtl,Somerst,Norm,Norm,1Fam,1Story,8,5,2004,2005,Gable,CompShg,VinylSd,VinylSd,Stone,186.0,Gd,TA,PConc,Ex,TA,Av,GLQ,1369,Unf,0,317,1686,GasA,Ex,Y,SBrkr,1694,0,0,1694,1,0,2,0,3,1,Gd,7,Typ,1,Gd,Attchd,2004.0,RFn,2,636,TA,TA,Y,255,57,0,0,0,0,,,,0,8,2007,WD,Normal,307000
196,197,20,RL,79.0,9416,Pave,,Reg,Lvl,AllPub,Inside,Gtl,Somerst,Norm,Norm,1Fam,1Story,7,5,2007,2007,Hip,CompShg,CemntBd,CmentBd,Stone,205.0,Ex,TA,PConc,Ex,TA,No,GLQ,1126,Unf,0,600,1726,GasA,Ex,Y,SBrkr,1726,0,0,1726,1,0,2,0,3,1,Ex,8,Typ,1,Gd,Attchd,2007.0,Fin,3,786,TA,TA,Y,171,138,0,0,266,0,,,,0,9,2007,New,Partial,311872
44,45,20,RL,70.0,7945,Pave,,Reg,Lvl,AllPub,Inside,Gtl,NAmes,Norm,Norm,1Fam,1Story,5,6,1959,1959,Gable,CompShg,BrkFace,Wd Sdng,None,0.0,TA,TA,CBlock,TA,TA,No,ALQ,179,BLQ,506,465,1150,GasA,Ex,Y,FuseA,1150,0,0,1150,1,0,1,0,3,1,TA,6,Typ,0,,Attchd,1959.0,RFn,1,300,TA,TA,Y,0,0,0,0,0,0,,,,0,5,2006,WD,Normal,141000
331,332,20,RL,70.0,8176,Pave,,Reg,Lvl,AllPub,Inside,Gtl,NAmes,Norm,Norm,1Fam,1Story,5,6,1958,1992,Gable,CompShg,Wd Sdng,Wd Sdng,None,0.0,TA,TA,CBlock,TA,TA,No,Rec,846,Unf,0,210,1056,GasA,Fa,Y,SBrkr,1056,0,0,1056,1,0,1,0,3,1,TA,6,Typ,0,,Attchd,1958.0,RFn,1,308,TA,TA,Y,0,0,0,0,0,0,,,,0,8,2007,WD,Normal,139000
774,775,20,RL,110.0,14226,Pave,,Reg,Lvl,AllPub,Corner,Gtl,NridgHt,Norm,Norm,1Fam,1Story,8,5,2006,2006,Hip,CompShg,VinylSd,VinylSd,BrkFace,375.0,Gd,TA,PConc,Gd,TA,Av,Unf,0,Unf,0,1935,1935,GasA,Gd,Y,SBrkr,1973,0,0,1973,0,0,2,0,3,1,Gd,9,Typ,1,Gd,Attchd,2006.0,Fin,3,895,TA,TA,Y,315,45,0,0,0,0,,,,0,7,2007,New,Partial,395000
839,840,50,RL,70.0,11767,Pave,,Reg,Lvl,AllPub,Inside,Gtl,Edwards,Norm,Norm,1Fam,1.5Fin,5,6,1946,1995,Gable,CompShg,MetalSd,MetalSd,None,0.0,TA,TA,CBlock,TA,TA,No,BLQ,352,Unf,0,416,768,GasA,Ex,Y,SBrkr,768,432,0,1200,0,0,1,0,3,1,TA,6,Typ,0,,Detchd,1946.0,Unf,1,240,TA,TA,Y,0,0,0,0,0,0,,,,0,5,2008,WD,Normal,130500
1095,1096,20,RL,78.0,9317,Pave,,IR1,Lvl,AllPub,Inside,Gtl,CollgCr,Norm,Norm,1Fam,1Story,6,5,2006,2006,Gable,CompShg,VinylSd,VinylSd,None,0.0,Gd,TA,PConc,Gd,TA,No,GLQ,24,Unf,0,1290,1314,GasA,Gd,Y,SBrkr,1314,0,0,1314,0,0,2,0,3,1,Gd,6,Typ,1,Gd,Attchd,2006.0,RFn,2,440,TA,TA,Y,0,22,0,0,0,0,,,,0,3,2007,WD,Normal,176432
769,770,60,RL,47.0,53504,Pave,,IR2,HLS,AllPub,CulDSac,Mod,StoneBr,Norm,Norm,1Fam,2Story,8,5,2003,2003,Hip,CompShg,CemntBd,Wd Shng,BrkFace,603.0,Ex,TA,PConc,Gd,TA,Gd,ALQ,1416,Unf,0,234,1650,GasA,Ex,Y,SBrkr,1690,1589,0,3279,1,0,3,1,4,1,Ex,12,Mod,1,Gd,BuiltIn,2003.0,Fin,3,841,TA,TA,Y,503,36,0,0,210,0,,,,0,6,2010,WD,Normal,538000
727,728,20,RL,64.0,7314,Pave,,Reg,Lvl,AllPub,Inside,Gtl,CollgCr,Norm,Norm,1Fam,1Story,7,5,2007,2007,Gable,CompShg,VinylSd,VinylSd,Stone,82.0,Gd,TA,PConc,Gd,TA,Av,GLQ,724,Unf,0,508,1232,GasA,Ex,Y,SBrkr,1232,0,0,1232,1,0,2,0,2,1,Gd,6,Typ,0,,Attchd,2007.0,RFn,2,632,TA,TA,Y,132,0,0,0,0,0,,,,0,2,2009,WD,Normal,194500
1192,1193,50,RM,60.0,9600,Pave,Grvl,Reg,Lvl,AllPub,Inside,Gtl,OldTown,Norm,Norm,1Fam,1.5Fin,5,8,1925,1994,Gambrel,CompShg,VinylSd,VinylSd,None,0.0,TA,TA,PConc,TA,TA,Mn,Unf,0,Unf,0,702,702,GasA,Gd,Y,SBrkr,842,630,0,1472,0,0,1,0,3,1,Gd,6,Typ,0,,Detchd,1925.0,Unf,1,250,TA,Fa,P,0,0,84,0,0,0,,GdWo,,0,7,2007,WD,Normal,125000
1390,1391,20,RL,70.0,9100,Pave,,Reg,Lvl,AllPub,Inside,Gtl,CollgCr,Norm,Norm,1Fam,1Story,7,5,2000,2000,Gable,CompShg,VinylSd,VinylSd,BrkFace,244.0,Gd,TA,PConc,Gd,TA,Av,GLQ,1400,Unf,0,125,1525,GasA,Ex,Y,SBrkr,1525,0,0,1525,1,0,2,0,3,1,Gd,6,Typ,0,,Attchd,2000.0,RFn,2,541,TA,TA,Y,219,36,0,0,0,0,,,,0,9,2006,WD,Normal,235000
1177,1178,50,RM,,3950,Pave,Grvl,Reg,Bnk,AllPub,Inside,Gtl,OldTown,Artery,Norm,1Fam,1.5Fin,6,8,1926,2004,Gable,CompShg,MetalSd,MetalSd,None,0.0,TA,TA,CBlock,TA,TA,No,Rec,468,Unf,0,350,818,GasA,TA,Y,SBrkr,818,406,0,1224,0,0,1,0,3,1,TA,5,Typ,0,,Detchd,1926.0,Unf,1,210,TA,TA,N,0,0,116,0,0,0,,,,0,12,2009,WD,Normal,115000
1445,1446,85,RL,70.0,8400,Pave,,Reg,Lvl,AllPub,Inside,Gtl,Sawyer,Norm,Norm,1Fam,SFoyer,6,5,1966,1966,Gable,CompShg,VinylSd,VinylSd,None,0.0,TA,TA,CBlock,TA,TA,Gd,LwQ,187,Rec,627,0,814,GasA,Gd,Y,SBrkr,913,0,0,913,1,0,1,0,3,1,TA,6,Typ,0,,Detchd,1990.0,Unf,1,240,TA,TA,Y,0,0,252,0,0,0,,,,0,5,2007,WD,Normal,129000
729,730,30,RM,52.0,6240,Pave,Grvl,Reg,Lvl,AllPub,Inside,Gtl,IDOTRR,Norm,Norm,1Fam,1.5Fin,4,5,1925,1950,Gable,CompShg,MetalSd,MetalSd,None,0.0,TA,TA,CBlock,TA,TA,No,BLQ,152,Unf,0,628,780,GasA,TA,Y,FuseA,848,0,360,1208,0,0,1,0,2,1,TA,5,Typ,0,,Detchd,1962.0,Unf,2,539,TA,TA,Y,0,23,112,0,0,0,,,,0,1,2009,WD,Normal,103000
1266,1267,190,RM,60.0,10120,Pave,,IR1,Bnk,AllPub,Inside,Gtl,OldTown,Feedr,Norm,2fmCon,2.5Unf,7,4,1910,1950,Hip,CompShg,Wd Sdng,Wd Sdng,None,0.0,Fa,TA,CBlock,TA,TA,No,Unf,0,Unf,0,925,925,GasA,TA,N,FuseF,964,925,0,1889,0,0,1,1,4,2,TA,9,Typ,1,Gd,Detchd,1960.0,Unf,1,308,TA,TA,N,0,0,264,0,0,0,,MnPrv,,0,1,2007,WD,Normal,122000
611,612,80,RL,,10395,Pave,,IR1,Lvl,AllPub,FR2,Gtl,NWAmes,Norm,Norm,1Fam,SLvl,6,6,1978,1978,Gable,CompShg,HdBoard,HdBoard,BrkFace,233.0,TA,TA,CBlock,Gd,TA,Av,ALQ,605,Unf,0,427,1032,GasA,TA,Y,SBrkr,1032,0,0,1032,0,1,2,0,3,1,TA,6,Typ,1,TA,Attchd,1978.0,Unf,2,564,TA,TA,Y,0,0,0,0,0,0,,MnPrv,Shed,500,7,2007,WD,Normal,148000
511,512,120,RL,40.0,6792,Pave,,IR1,Lvl,AllPub,Inside,Gtl,NridgHt,Norm,Norm,TwnhsE,1Story,7,5,2005,2006,Gable,CompShg,VinylSd,VinylSd,Stone,94.0,Gd,TA,PConc,Gd,TA,No,Unf,0,Unf,0,1368,1368,GasA,Ex,Y,SBrkr,1368,0,0,1368,0,0,2,0,2,1,Gd,6,Typ,1,Gd,Attchd,2005.0,RFn,2,474,TA,TA,Y,132,35,0,0,0,0,,,,0,3,2006,New,Partial,202665
456,457,70,RM,34.0,4571,Pave,Grvl,Reg,Lvl,AllPub,Inside,Gtl,OldTown,Norm,Norm,1Fam,2Story,5,5,1916,1950,Gable,CompShg,AsbShng,AsbShng,None,0.0,TA,TA,BrkTil,TA,TA,No,Unf,0,Unf,0,624,624,GasA,Fa,N,SBrkr,624,720,0,1344,0,0,1,0,4,1,TA,7,Typ,0,,Detchd,1916.0,Unf,3,513,Fa,Fa,Y,0,0,96,0,0,0,,,,0,5,2008,COD,Abnorml,98000
855,856,20,RL,,6897,Pave,,IR1,Lvl,AllPub,Corner,Gtl,Sawyer,Norm,Norm,1Fam,1Story,5,8,1962,2010,Gable,CompShg,HdBoard,HdBoard,None,0.0,TA,Gd,CBlock,TA,TA,No,ALQ,659,Unf,0,381,1040,GasA,Ex,Y,SBrkr,1040,0,0,1040,1,0,1,1,3,1,TA,6,Typ,0,,Detchd,1962.0,Unf,1,260,TA,TA,Y,0,104,0,0,0,0,,,,0,4,2010,WD,Normal,127000
1222,1223,50,RL,78.0,10496,Pave,,Reg,Lvl,AllPub,Inside,Gtl,NAmes,Artery,Norm,1Fam,1.5Fin,6,6,1949,1950,Gable,CompShg,Wd Sdng,Wd Sdng,BrkFace,320.0,TA,TA,CBlock,TA,TA,Mn,Rec,196,Unf,0,844,1040,GasA,Ex,Y,SBrkr,1168,678,0,1846,0,0,2,0,3,1,TA,7,Typ,1,Gd,Attchd,1949.0,Unf,1,315,TA,TA,Y,0,0,0,0,0,0,,GdWo,,0,1,2007,WD,Normal,143000
173,174,20,RL,80.0,10197,Pave,,IR1,Lvl,AllPub,Inside,Gtl,NAmes,Norm,Norm,1Fam,1Story,6,5,1961,1961,Gable,CompShg,WdShing,Wd Shng,BrkCmn,491.0,TA,TA,CBlock,TA,TA,No,ALQ,288,Rec,374,700,1362,GasA,TA,Y,SBrkr,1362,0,0,1362,1,0,1,1,3,1,TA,6,Typ,1,TA,Attchd,1961.0,Unf,2,504,TA,TA,Y,0,20,0,0,0,0,,,,0,6,2008,COD,Normal,163000
642,643,80,RL,75.0,13860,Pave,,Reg,Lvl,AllPub,Inside,Gtl,NAmes,Norm,Norm,1Fam,SLvl,8,7,1972,1995,Gable,CompShg,Plywood,Wd Sdng,None,0.0,Gd,TA,CBlock,Gd,TA,Gd,GLQ,1410,Unf,0,542,1952,GasA,Gd,Y,SBrkr,2000,704,0,2704,1,0,2,1,4,1,Ex,9,Typ,3,TA,Attchd,1972.0,Fin,2,538,TA,TA,Y,269,111,0,0,0,0,,MnPrv,,0,7,2009,WD,Normal,345000
415,416,20,RL,73.0,8899,Pave,,IR1,Lvl,AllPub,Inside,Gtl,Gilbert,Norm,Norm,1Fam,1Story,7,5,2007,2007,Gable,CompShg,VinylSd,VinylSd,None,0.0,Gd,TA,PConc,Gd,TA,Av,GLQ,24,Unf,0,1316,1340,GasA,Ex,Y,SBrkr,1340,0,0,1340,0,0,2,0,3,1,Gd,6,Typ,0,,Attchd,2007.0,Fin,2,396,TA,TA,Y,100,30,0,0,0,0,,,,0,8,2007,New,Partial,181134
190,191,70,RL,70.0,10570,Pave,,Reg,Bnk,AllPub,Inside,Mod,Crawfor,Norm,Norm,1Fam,2Story,8,8,1932,1994,Hip,CompShg,BrkFace,BrkFace,None,0.0,Gd,TA,CBlock,Gd,Gd,No,Rec,297,Unf,0,556,853,GasA,TA,Y,SBrkr,1549,1178,0,2727,0,0,2,1,3,1,Gd,10,Maj1,2,TA,Detchd,1932.0,Unf,2,440,TA,TA,Y,0,74,0,0,0,0,,,,0,12,2007,WD,Normal,315000
1133,1134,60,RL,80.0,9828,Pave,,IR1,Lvl,AllPub,Inside,Gtl,SawyerW,Norm,Norm,1Fam,2Story,8,5,1995,1995,Gable,CompShg,VinylSd,VinylSd,None,0.0,Gd,TA,PConc,Gd,TA,No,GLQ,584,Unf,0,544,1128,GasA,Ex,Y,SBrkr,1142,878,0,2020,0,0,2,1,3,1,Gd,8,Typ,1,TA,Attchd,1995.0,RFn,2,466,TA,TA,Y,0,155,0,0,0,0,,,,0,6,2009,WD,Normal,239500
225,226,160,RM,21.0,1680,Pave,,Reg,Lvl,AllPub,Inside,Gtl,BrDale,Norm,Norm,Twnhs,2Story,5,5,1971,1971,Gable,CompShg,HdBoard,HdBoard,BrkFace,142.0,TA,TA,CBlock,TA,TA,No,Unf,0,Unf,0,630,630,GasA,TA,Y,SBrkr,630,672,0,1302,0,0,2,1,3,1,TA,6,Typ,0,,Detchd,1991.0,Unf,1,280,TA,TA,Y,0,0,0,0,0,0,,,,0,5,2009,COD,Abnorml,112000
1336,1337,90,RL,87.0,9246,Pave,,IR1,Lvl,AllPub,Inside,Gtl,NWAmes,Feedr,Norm,Duplex,1Story,5,5,1973,1973,Gable,CompShg,Plywood,Plywood,BrkFace,564.0,TA,TA,CBlock,TA,TA,No,Unf,0,Unf,0,1656,1656,GasA,TA,Y,SBrkr,1656,0,0,1656,0,0,2,0,4,2,TA,8,Typ,0,,Detchd,1973.0,Unf,2,506,TA,TA,Y,0,211,0,0,0,0,,,,0,11,2008,WD,Normal,135000
81,82,120,RM,32.0,4500,Pave,,Reg,Lvl,AllPub,FR2,Gtl,Mitchel,Norm,Norm,TwnhsE,1Story,6,5,1998,1998,Hip,CompShg,VinylSd,VinylSd,BrkFace,443.0,TA,Gd,PConc,Ex,Gd,No,GLQ,1201,Unf,0,36,1237,GasA,Ex,Y,SBrkr,1337,0,0,1337,1,0,2,0,2,1,TA,5,Typ,0,,Attchd,1998.0,Fin,2,405,TA,TA,Y,0,199,0,0,0,0,,,,0,3,2006,WD,Normal,153500
472,473,180,RM,35.0,3675,Pave,,Reg,Lvl,AllPub,Inside,Gtl,Edwards,Norm,Norm,TwnhsE,SLvl,6,5,2005,2005,Gable,CompShg,VinylSd,VinylSd,BrkFace,80.0,TA,TA,PConc,Gd,TA,Gd,GLQ,459,Unf,0,88,547,GasA,Ex,Y,SBrkr,1072,0,0,1072,1,0,1,0,2,1,TA,5,Typ,0,,Basment,2005.0,RFn,2,525,TA,TA,Y,0,28,0,0,0,0,,,,0,6,2008,WD,Normal,148000
723,724,50,RL,60.0,8172,Pave,,Reg,Lvl,AllPub,Inside,Gtl,Edwards,Norm,Norm,1Fam,1.5Fin,4,6,1954,1972,Gable,CompShg,MetalSd,MetalSd,None,0.0,TA,TA,PConc,TA,TA,No,Unf,0,Unf,0,941,941,GasA,Ex,Y,SBrkr,997,473,0,1470,0,0,2,0,4,1,TA,7,Typ,0,,Detchd,1958.0,Unf,1,548,TA,TA,Y,0,0,0,0,156,0,,,,0,5,2008,WD,Normal,135000
674,675,20,RL,80.0,9200,Pave,,Reg,Lvl,AllPub,Inside,Gtl,NAmes,Norm,Norm,1Fam,1Story,6,6,1965,1965,Gable,CompShg,HdBoard,HdBoard,None,0.0,TA,TA,CBlock,TA,TA,No,Rec,892,Unf,0,244,1136,GasA,TA,Y,SBrkr,1136,0,0,1136,1,0,1,0,3,1,TA,5,Typ,1,Gd,Attchd,1965.0,RFn,1,384,TA,TA,Y,426,0,0,0,0,0,,,,0,7,2008,WD,Normal,140000
785,786,20,RL,,9790,Pave,,Reg,Lvl,AllPub,Inside,Gtl,NWAmes,Feedr,Norm,1Fam,1Story,6,5,1967,1967,Gable,CompShg,BrkFace,Wd Sdng,None,0.0,TA,TA,CBlock,TA,TA,No,Rec,251,LwQ,630,491,1372,GasA,TA,Y,SBrkr,1342,0,0,1342,0,0,2,0,3,1,TA,7,Typ,1,Gd,Attchd,1967.0,Unf,2,457,TA,TA,Y,0,0,0,0,197,0,,,,0,9,2009,WD,Normal,161500
219,220,120,RL,43.0,3010,Pave,,Reg,Lvl,AllPub,Inside,Gtl,Blmngtn,Norm,Norm,TwnhsE,1Story,7,5,2005,2006,Gable,CompShg,VinylSd,VinylSd,BrkFace,16.0,Gd,TA,PConc,Gd,TA,Av,GLQ,16,Unf,0,1232,1248,GasA,Ex,Y,SBrkr,1248,0,0,1248,0,0,2,0,2,1,Gd,5,Typ,0,,Attchd,2005.0,Fin,2,438,TA,TA,Y,108,0,0,0,0,0,,,,0,3,2006,New,Partial,167240
154,155,30,RM,84.0,11340,Pave,,Reg,Lvl,AllPub,Corner,Gtl,OldTown,Norm,Norm,1Fam,1Story,6,5,1923,1950,Gable,CompShg,Wd Sdng,Wd Sdng,None,0.0,TA,TA,BrkTil,TA,TA,No,Unf,0,Unf,0,1200,1200,GasA,TA,Y,FuseA,1200,0,0,1200,0,0,1,0,4,1,TA,7,Typ,0,,Detchd,1923.0,Unf,1,312,Fa,Fa,Y,0,0,228,0,0,0,,,,0,3,2006,WD,Family,125000
679,680,20,RL,,9945,Pave,,IR1,Lvl,AllPub,Inside,Gtl,Sawyer,Norm,Norm,1Fam,1Story,5,5,1961,1961,Hip,CompShg,Wd Sdng,Wd Sdng,BrkFace,57.0,TA,TA,CBlock,TA,TA,No,Rec,827,Unf,0,161,988,GasA,TA,Y,SBrkr,988,0,0,988,1,0,1,0,3,1,TA,5,Typ,0,,Detchd,1963.0,Unf,2,572,TA,TA,Y,0,0,0,0,0,0,,,,0,10,2007,WD,Normal,128500
988,989,60,RL,,12046,Pave,,IR1,Lvl,AllPub,Inside,Gtl,NWAmes,Norm,Norm,1Fam,2Story,6,6,1976,1976,Gable,CompShg,Plywood,Plywood,BrkFace,298.0,TA,TA,CBlock,TA,TA,No,LwQ,156,Unf,0,692,848,GasA,TA,Y,SBrkr,1118,912,0,2030,0,0,2,1,4,1,Gd,8,Typ,1,TA,Attchd,1976.0,Fin,2,551,TA,TA,Y,0,224,0,0,0,0,,,,0,6,2007,WD,Normal,195000
818,819,80,RL,80.0,8816,Pave,,Reg,Lvl,AllPub,Inside,Gtl,ClearCr,Norm,Norm,1Fam,SLvl,6,7,1971,1971,Gable,CompShg,HdBoard,HdBoard,BrkFace,80.0,TA,TA,CBlock,TA,TA,Av,GLQ,504,Unf,0,506,1010,GasA,Gd,Y,SBrkr,1052,0,0,1052,1,0,1,0,3,1,TA,6,Typ,0,,Attchd,1971.0,Unf,2,440,TA,TA,Y,0,0,0,0,0,0,,MnPrv,,0,6,2010,WD,Normal,155000
659,660,20,RL,75.0,9937,Pave,,Reg,Lvl,AllPub,Corner,Gtl,Edwards,Norm,Norm,1Fam,1Story,5,7,1964,1999,Hip,CompShg,MetalSd,MetalSd,None,0.0,TA,Gd,PConc,TA,TA,No,BLQ,637,Unf,0,849,1486,GasA,Ex,Y,SBrkr,1486,0,0,1486,1,0,1,0,3,1,TA,7,Typ,0,,Detchd,1968.0,Fin,2,480,TA,TA,Y,0,0,0,0,0,0,,MnPrv,,0,3,2009,WD,Normal,167000
466,467,20,RL,85.0,10628,Pave,,Reg,Lvl,AllPub,Inside,Gtl,NAmes,Norm,Norm,1Fam,1Story,7,5,1970,1970,Flat,Tar&Grv,Plywood,Plywood,None,0.0,TA,Gd,CBlock,TA,Gd,Gd,GLQ,778,Unf,0,499,1277,GasA,TA,Y,SBrkr,1277,0,0,1277,1,0,1,0,2,1,TA,5,Typ,1,Po,Attchd,1970.0,Unf,2,526,TA,TA,Y,0,0,0,0,176,0,,GdWo,,0,4,2007,WD,Normal,167000
1386,1387,60,RL,80.0,16692,Pave,,IR1,Lvl,AllPub,Inside,Gtl,NWAmes,RRAn,Norm,1Fam,2Story,7,5,1978,1978,Gable,CompShg,Plywood,Plywood,BrkFace,184.0,TA,TA,CBlock,Gd,TA,No,BLQ,790,LwQ,469,133,1392,GasA,TA,Y,SBrkr,1392,1392,0,2784,1,0,3,1,5,1,Gd,12,Typ,2,TA,Attchd,1978.0,RFn,2,564,TA,TA,Y,0,112,0,0,440,519,Fa,MnPrv,TenC,2000,7,2006,WD,Normal,250000
278,279,20,RL,107.0,14450,Pave,,Reg,Lvl,AllPub,Inside,Gtl,NridgHt,Norm,Norm,1Fam,1Story,9,5,2006,2007,Gable,CompShg,CemntBd,CmentBd,BrkFace,315.0,Ex,TA,PConc,Ex,TA,Gd,Unf,0,Unf,0,2121,2121,GasA,Ex,Y,SBrkr,2121,0,0,2121,0,0,2,1,3,1,Ex,8,Typ,1,Ex,Attchd,2007.0,Fin,3,732,TA,TA,Y,124,98,0,0,142,0,,,,0,5,2007,New,Partial,415298
1205,1206,20,RL,90.0,14684,Pave,,IR1,Lvl,AllPub,CulDSac,Gtl,SawyerW,Norm,Norm,1Fam,1Story,7,7,1990,1991,Hip,CompShg,HdBoard,HdBoard,BrkFace,234.0,Gd,TA,CBlock,Gd,TA,Mn,ALQ,485,BLQ,177,1496,2158,GasA,Gd,Y,SBrkr,2196,0,0,2196,0,0,2,0,3,1,Gd,7,Typ,1,TA,Attchd,1990.0,RFn,3,701,TA,TA,Y,84,70,0,0,0,0,,,,0,6,2009,WD,Normal,271900
895,896,60,RL,71.0,7056,Pave,,Reg,Lvl,AllPub,Inside,Gtl,NAmes,Norm,Norm,1Fam,2Story,6,5,1963,1963,Hip,CompShg,HdBoard,HdBoard,BrkFace,415.0,TA,TA,CBlock,TA,TA,No,BLQ,400,Unf,0,380,780,GasA,TA,Y,SBrkr,983,813,0,1796,1,0,1,1,4,1,TA,8,Typ,1,TA,Attchd,1963.0,RFn,2,483,TA,TA,Y,0,50,0,0,0,0,,,,0,10,2008,WD,Normal,140000
521,522,20,RL,90.0,11988,Pave,,IR1,Lvl,AllPub,Corner,Gtl,NAmes,Feedr,Norm,1Fam,1Story,6,6,1957,1957,Gable,CompShg,VinylSd,VinylSd,None,0.0,TA,TA,CBlock,TA,TA,No,Rec,777,Unf,0,467,1244,GasA,Ex,Y,FuseA,1244,0,0,1244,0,0,1,1,3,1,TA,6,Typ,2,Gd,Attchd,1957.0,Unf,1,336,TA,TA,Y,0,40,0,0,0,0,,,,0,5,2007,WD,Normal,150000
147,148,60,RL,,9505,Pave,,IR1,Lvl,AllPub,CulDSac,Gtl,Gilbert,Norm,Norm,1Fam,2Story,7,5,2001,2001,Gable,CompShg,VinylSd,VinylSd,BrkFace,180.0,Gd,TA,PConc,Gd,TA,No,Unf,0,Unf,0,884,884,GasA,Ex,Y,SBrkr,884,1151,0,2035,0,0,2,1,3,1,Gd,8,Typ,1,Gd,BuiltIn,2001.0,Fin,2,434,TA,TA,Y,144,48,0,0,0,0,,,,0,5,2010,WD,Normal,222500
626,627,20,RL,,12342,Pave,,IR1,Lvl,AllPub,Inside,Gtl,NAmes,Norm,Norm,1Fam,1Story,5,5,1960,1978,Hip,CompShg,Wd Sdng,Wd Sdng,None,0.0,TA,TA,CBlock,TA,TA,No,Unf,0,Unf,0,978,978,GasA,TA,Y,SBrkr,1422,0,0,1422,0,0,1,0,3,1,TA,6,Min1,1,TA,Attchd,1960.0,RFn,1,286,TA,TA,Y,0,0,36,0,0,0,,GdWo,Shed,600,8,2007,WD,Normal,139900
1335,1336,20,RL,80.0,9650,Pave,,Reg,Lvl,AllPub,Inside,Gtl,NWAmes,Norm,Norm,1Fam,1Story,6,5,1977,1977,Gable,CompShg,Plywood,Plywood,BrkFace,360.0,TA,TA,CBlock,Gd,TA,No,ALQ,686,Unf,0,664,1350,GasA,TA,Y,SBrkr,1334,0,0,1334,0,1,2,0,2,1,TA,6,Typ,1,TA,Attchd,1977.0,RFn,2,630,TA,TA,Y,0,16,0,0,0,0,,,,0,4,2009,WD,Normal,167900
987,988,20,RL,83.0,10159,Pave,,IR1,Lvl,AllPub,Inside,Gtl,NridgHt,Norm,Norm,1Fam,1Story,9,5,2009,2010,Hip,CompShg,VinylSd,VinylSd,Stone,450.0,Ex,TA,PConc,Ex,TA,Av,GLQ,1646,Unf,0,284,1930,GasA,Ex,Y,SBrkr,1940,0,0,1940,1,0,2,1,3,1,Ex,8,Typ,1,Gd,Attchd,2010.0,Fin,3,606,TA,TA,Y,168,95,0,0,0,0,,,,0,4,2010,New,Partial,395192
677,678,30,RL,52.0,9022,Pave,,Reg,Lvl,AllPub,Inside,Gtl,OldTown,Norm,Norm,1Fam,1Story,5,8,1924,2006,Gable,CompShg,VinylSd,VinylSd,None,0.0,Gd,TA,BrkTil,TA,TA,No,Unf,0,Unf,0,768,768,GasA,Ex,Y,SBrkr,792,0,0,792,0,0,1,0,2,1,Gd,5,Typ,0,,Detchd,1924.0,Unf,1,240,Fa,Fa,N,316,0,120,0,0,0,,,,0,5,2009,WD,Normal,109500
368,369,20,RL,78.0,7800,Pave,,Reg,Lvl,AllPub,Inside,Gtl,NAmes,Norm,Norm,1Fam,1Story,5,6,1954,1954,Gable,CompShg,HdBoard,HdBoard,BrkFace,200.0,TA,TA,PConc,TA,TA,No,LwQ,540,Unf,0,728,1268,GasA,Gd,Y,SBrkr,1268,0,0,1268,0,0,1,0,2,1,TA,7,Typ,1,Gd,Attchd,1954.0,Fin,1,244,TA,TA,Y,0,98,0,0,0,0,,,,0,3,2010,WD,Normal,132000
835,836,20,RL,60.0,9600,Pave,,Reg,Lvl,AllPub,Inside,Gtl,Sawyer,Norm,Norm,1Fam,1Story,4,7,1950,1995,Gable,CompShg,VinylSd,HdBoard,None,0.0,TA,TA,CBlock,Gd,TA,No,BLQ,442,Unf,0,625,1067,GasA,TA,Y,SBrkr,1067,0,0,1067,0,0,2,0,2,1,Gd,4,Min2,0,,Attchd,1996.0,Unf,2,436,TA,TA,Y,290,0,0,0,0,0,,,,0,2,2010,WD,Normal,128000
979,980,20,RL,80.0,8816,Pave,,Reg,Lvl,AllPub,Corner,Gtl,Sawyer,Feedr,Norm,1Fam,1Story,5,6,1963,1963,Gable,CompShg,VinylSd,VinylSd,None,0.0,TA,TA,PConc,TA,TA,No,Rec,651,Unf,0,470,1121,GasA,TA,Y,SBrkr,1121,0,0,1121,1,0,1,0,3,1,TA,5,Typ,0,,Detchd,1963.0,Unf,2,480,TA,TA,Y,0,80,0,0,0,0,,MnPrv,,0,6,2009,WD,Normal,139000
733,734,20,RL,80.0,10000,Pave,,Reg,Lvl,AllPub,Corner,Gtl,Sawyer,Feedr,Norm,1Fam,1Story,5,6,1961,1983,Hip,CompShg,HdBoard,HdBoard,None,0.0,TA,TA,CBlock,TA,TA,No,BLQ,594,Unf,0,270,864,GasA,Ex,Y,SBrkr,1144,0,0,1144,1,0,1,0,3,1,TA,6,Typ,1,TA,Attchd,1961.0,RFn,1,264,TA,TA,Y,165,0,0,0,0,0,,GdWo,Shed,400,3,2009,WD,Normal,131400
1422,1423,120,RM,37.0,4435,Pave,,Reg,Lvl,AllPub,Inside,Gtl,CollgCr,Norm,Norm,TwnhsE,1Story,6,5,2003,2003,Gable,CompShg,VinylSd,VinylSd,BrkFace,170.0,Gd,TA,PConc,Gd,TA,Av,GLQ,686,Unf,0,162,848,GasA,Ex,Y,SBrkr,848,0,0,848,1,0,1,0,1,1,Gd,3,Typ,0,,Attchd,2003.0,Fin,2,420,TA,TA,Y,140,0,0,0,0,0,,,,0,3,2008,WD,Normal,136500
1309,1310,20,RL,,7153,Pave,,Reg,Lvl,AllPub,Inside,Gtl,SawyerW,Norm,Norm,1Fam,1Story,6,5,1991,1991,Gable,CompShg,HdBoard,HdBoard,BrkFace,88.0,TA,TA,CBlock,Gd,TA,No,GLQ,1200,Unf,0,78,1278,GasA,Gd,Y,SBrkr,1294,0,0,1294,1,0,2,0,3,1,Gd,6,Typ,0,,Attchd,1991.0,RFn,2,496,TA,TA,Y,112,51,0,0,0,0,,GdWo,,0,6,2008,WD,Normal,179200
1080,1081,20,RL,80.0,11040,Pave,,Reg,Lvl,AllPub,Inside,Gtl,NWAmes,Norm,Norm,1Fam,1Story,6,7,1971,2004,Gable,CompShg,VinylSd,VinylSd,BrkFace,144.0,Gd,Gd,CBlock,TA,TA,No,ALQ,656,Unf,0,602,1258,GasA,Ex,Y,SBrkr,1258,0,0,1258,0,1,2,0,3,1,Gd,5,Typ,0,,Attchd,1971.0,RFn,2,528,TA,TA,Y,55,0,0,216,0,0,,,,0,10,2008,COD,Abnorml,145000
999,1000,20,RL,64.0,6762,Pave,,Reg,Lvl,AllPub,Inside,Gtl,CollgCr,Norm,Norm,1Fam,1Story,7,5,2006,2006,Gable,CompShg,VinylSd,VinylSd,Stone,24.0,Gd,TA,PConc,Gd,TA,Av,GLQ,686,Unf,0,501,1187,GasA,Ex,Y,SBrkr,1208,0,0,1208,1,0,2,0,2,1,Gd,6,Typ,0,,Attchd,2006.0,RFn,2,632,TA,TA,Y,105,61,0,0,0,0,,,,0,2,2010,WD,Normal,206000
764,765,120,RL,30.0,9549,Pave,,IR1,Lvl,AllPub,CulDSac,Gtl,Veenker,Norm,Norm,TwnhsE,1Story,8,5,1995,1996,Hip,CompShg,BrkFace,BrkFace,None,0.0,Gd,Gd,PConc,Gd,Gd,Av,LwQ,437,GLQ,1057,0,1494,GasA,Ex,Y,SBrkr,1494,0,0,1494,1,0,1,1,2,1,Ex,6,Typ,1,Gd,Attchd,1995.0,Fin,2,481,TA,TA,Y,0,30,0,0,216,0,,,,0,4,2006,WD,Normal,270000
358,359,80,RL,92.0,6930,Pave,,IR1,Lvl,AllPub,Inside,Gtl,ClearCr,Norm,Norm,1Fam,SLvl,5,4,1958,1958,Hip,CompShg,Wd Sdng,ImStucc,BrkFace,120.0,TA,TA,CBlock,TA,TA,Av,BLQ,300,Rec,294,468,1062,GasA,Ex,Y,FuseF,1352,0,0,1352,0,1,1,0,3,1,Gd,6,Min2,0,,BuiltIn,1958.0,Unf,1,288,TA,TA,Y,168,0,294,0,0,0,,,,0,7,2006,WD,Abnorml,130000
201,202,20,RL,75.0,10125,Pave,,Reg,Lvl,AllPub,Inside,Gtl,Mitchel,Norm,Norm,1Fam,1Story,6,6,1977,1977,Gable,CompShg,Plywood,Plywood,None,0.0,TA,TA,CBlock,TA,TA,No,ALQ,641,LwQ,279,276,1196,GasA,TA,Y,SBrkr,1279,0,0,1279,0,1,2,0,3,1,TA,6,Typ,2,Fa,Detchd,1980.0,Unf,2,473,TA,TA,Y,238,83,0,0,0,0,,MnPrv,,0,2,2008,WD,Normal,171500
389,390,60,RL,96.0,12474,Pave,,Reg,Lvl,AllPub,Inside,Gtl,NridgHt,Norm,Norm,1Fam,2Story,10,5,2007,2008,Gable,CompShg,VinylSd,VinylSd,Stone,272.0,Ex,TA,PConc,Ex,TA,Av,GLQ,1280,Unf,0,402,1682,GasA,Ex,Y,SBrkr,1742,590,0,2332,1,0,2,1,3,1,Ex,9,Typ,1,Ex,BuiltIn,2008.0,Fin,3,846,TA,TA,Y,196,134,0,0,0,0,,,,0,8,2008,New,Partial,426000
1277,1278,80,RL,,17871,Pave,,IR1,Lvl,AllPub,CulDSac,Gtl,NWAmes,Norm,Norm,1Fam,SLvl,6,5,1967,1976,Gable,CompShg,HdBoard,HdBoard,BrkFace,359.0,TA,TA,CBlock,Gd,TA,Av,ALQ,528,Unf,0,1152,1680,GasA,Fa,Y,SBrkr,1724,0,0,1724,1,0,1,1,3,1,TA,7,Typ,1,Gd,Attchd,1967.0,RFn,2,480,TA,TA,Y,0,0,0,0,0,0,,,,0,6,2009,WD,Normal,197900
145,146,160,RM,24.0,2522,Pave,,Reg,Lvl,AllPub,Inside,Gtl,Edwards,Norm,Norm,Twnhs,2Story,6,5,2004,2006,Gable,CompShg,VinylSd,VinylSd,Stone,50.0,Gd,TA,PConc,Gd,TA,No,Unf,0,Unf,0,970,970,GasA,Ex,Y,SBrkr,970,739,0,1709,0,0,2,0,3,1,Gd,7,Maj1,0,,Detchd,2004.0,Unf,2,380,TA,TA,Y,0,40,0,0,0,0,,,,0,4,2006,WD,Normal,130000
284,285,120,RL,50.0,8012,Pave,,Reg,Lvl,AllPub,Inside,Gtl,SawyerW,Norm,Norm,TwnhsE,1Story,6,5,1992,1992,Gable,CompShg,Plywood,ImStucc,None,0.0,Gd,TA,PConc,Gd,TA,No,GLQ,430,Unf,0,1145,1575,GasA,Gd,Y,SBrkr,1575,0,0,1575,1,0,2,0,2,1,Gd,5,Typ,0,,Attchd,1992.0,RFn,2,529,TA,TA,Y,0,0,52,0,0,0,,,,0,7,2007,WD,Normal,179200
465,466,120,RM,,3072,Pave,,Reg,Lvl,AllPub,Inside,Gtl,Blmngtn,Norm,Norm,TwnhsE,1Story,7,5,2004,2004,Hip,CompShg,VinylSd,VinylSd,BrkFace,18.0,Gd,TA,PConc,Gd,TA,No,Unf,0,Unf,0,1375,1375,GasA,Ex,Y,SBrkr,1414,0,0,1414,0,0,2,0,2,1,Gd,6,Typ,1,TA,Attchd,2004.0,Fin,2,398,TA,TA,Y,144,20,0,0,0,0,,,,0,5,2006,WD,Normal,178740
96,97,20,RL,78.0,10264,Pave,,IR1,Lvl,AllPub,Inside,Gtl,CollgCr,Norm,Norm,1Fam,1Story,7,5,1999,1999,Gable,CompShg,VinylSd,VinylSd,BrkFace,183.0,Gd,TA,PConc,Gd,TA,Av,ALQ,1162,Unf,0,426,1588,GasA,Ex,Y,SBrkr,1588,0,0,1588,0,0,2,0,3,1,Gd,6,Typ,0,,Attchd,1999.0,RFn,2,472,TA,TA,Y,158,29,0,0,0,0,,,,0,8,2006,WD,Normal,214000
854,855,20,RL,102.0,17920,Pave,,Reg,Lvl,AllPub,Inside,Gtl,Sawyer,Norm,Norm,1Fam,1Story,5,4,1955,1974,Hip,CompShg,Wd Sdng,Plywood,None,0.0,TA,TA,CBlock,TA,TA,Mn,ALQ,306,Rec,1085,372,1763,GasA,TA,Y,SBrkr,1779,0,0,1779,1,0,1,1,3,1,TA,6,Typ,1,Gd,Attchd,1955.0,Unf,2,454,TA,TA,Y,0,418,0,0,312,0,,,,0,7,2006,WD,Abnorml,170000
37,38,20,RL,74.0,8532,Pave,,Reg,Lvl,AllPub,Inside,Gtl,NAmes,Norm,Norm,1Fam,1Story,5,6,1954,1990,Hip,CompShg,Wd Sdng,Wd Sdng,BrkFace,650.0,TA,TA,CBlock,TA,TA,No,Rec,1213,Unf,0,84,1297,GasA,Gd,Y,SBrkr,1297,0,0,1297,0,1,1,0,3,1,TA,5,Typ,1,TA,Attchd,1954.0,Fin,2,498,TA,TA,Y,0,0,0,0,0,0,,,,0,10,2009,WD,Normal,153000
1276,1277,60,RL,,12936,Pave,,IR1,Lvl,AllPub,CulDSac,Gtl,NWAmes,Norm,Norm,1Fam,2Story,6,6,1972,1972,Gable,CompShg,HdBoard,Plywood,None,0.0,TA,TA,CBlock,TA,Gd,No,BLQ,593,Unf,0,130,723,GasA,TA,Y,SBrkr,735,660,0,1395,0,1,1,1,3,1,TA,6,Typ,1,TA,Attchd,1972.0,Unf,2,497,TA,TA,Y,294,116,0,0,0,0,,,,0,12,2009,WD,Normal,162000
555,556,45,RM,58.0,6380,Pave,,Reg,Lvl,AllPub,Inside,Gtl,BrkSide,Norm,Norm,1Fam,1.5Unf,5,6,1922,1950,Gable,CompShg,MetalSd,MetalSd,None,0.0,TA,TA,BrkTil,TA,Fa,No,Unf,0,Unf,0,993,993,GasA,TA,Y,FuseA,1048,0,0,1048,0,0,1,0,2,1,TA,5,Typ,1,Gd,Detchd,1922.0,Unf,1,280,TA,TA,Y,0,0,116,0,0,0,,,,0,8,2006,WD,Normal,113000
686,687,60,FV,84.0,10207,Pave,,Reg,Lvl,AllPub,Inside,Gtl,Somerst,Norm,Norm,1Fam,2Story,7,6,2007,2007,Gable,CompShg,VinylSd,VinylSd,None,0.0,Gd,TA,PConc,Gd,TA,No,Unf,0,Unf,0,874,874,GasA,Ex,Y,SBrkr,874,887,0,1761,0,0,3,0,3,1,Gd,7,Typ,0,,Attchd,2007.0,Fin,2,578,TA,TA,Y,144,105,0,0,0,0,,,,0,8,2007,New,Partial,227875
1317,1318,120,FV,47.0,4230,Pave,Pave,Reg,Lvl,AllPub,Corner,Gtl,Somerst,Norm,Norm,TwnhsE,1Story,7,5,2006,2007,Gable,CompShg,VinylSd,VinylSd,None,0.0,Gd,TA,PConc,Ex,Gd,No,Unf,0,Unf,0,1352,1352,GasA,Ex,Y,SBrkr,1352,0,0,1352,0,0,2,0,2,1,Gd,5,Typ,1,Gd,Attchd,2006.0,RFn,2,466,TA,TA,Y,0,241,0,0,0,0,,,,0,4,2007,New,Partial,208900
498,499,20,RL,65.0,7800,Pave,,Reg,Lvl,AllPub,Inside,Gtl,Sawyer,Norm,Norm,1Fam,1Story,5,7,1967,2004,Hip,CompShg,HdBoard,HdBoard,BrkFace,89.0,TA,TA,PConc,TA,TA,No,ALQ,450,Unf,0,414,864,GasA,Ex,Y,SBrkr,899,0,0,899,0,0,1,0,3,1,Gd,5,Typ,0,,Attchd,1967.0,Fin,1,288,TA,TA,Y,64,0,0,0,0,0,,MnPrv,,0,6,2009,WD,Normal,130000
1028,1029,50,RL,79.0,9492,Pave,,Reg,Lvl,AllPub,Inside,Gtl,NAmes,Artery,Norm,1Fam,1.5Fin,5,5,1941,1950,Gable,CompShg,WdShing,Wd Shng,None,0.0,TA,TA,CBlock,TA,TA,No,Rec,368,BLQ,41,359,768,GasA,TA,Y,SBrkr,968,408,0,1376,1,0,1,0,3,1,TA,6,Typ,1,Gd,Attchd,1941.0,Unf,1,240,TA,TA,Y,0,0,0,0,0,0,,,,0,4,2007,WD,Normal,105000
1392,1393,85,RL,68.0,7838,Pave,,Reg,Lvl,AllPub,Inside,Gtl,NAmes,Norm,Norm,1Fam,SFoyer,5,5,1967,1967,Gable,CompShg,HdBoard,HdBoard,None,0.0,TA,TA,CBlock,TA,TA,Av,ALQ,769,Unf,0,95,864,GasA,TA,Y,SBrkr,900,0,0,900,1,0,1,0,3,1,TA,6,Typ,1,Po,Attchd,1967.0,RFn,1,288,TA,TA,Y,175,144,0,0,0,0,,MnWw,,0,12,2006,WD,Normal,123000
1355,1356,80,RL,102.0,10192,Pave,,IR1,Lvl,AllPub,Inside,Gtl,NWAmes,Norm,Norm,1Fam,SLvl,7,6,1968,1992,Gable,CompShg,MetalSd,MetalSd,BrkFace,143.0,TA,TA,CBlock,TA,TA,No,Unf,0,Unf,0,570,570,GasA,Gd,Y,SBrkr,1222,698,0,1920,0,0,3,0,4,1,Gd,8,Typ,1,TA,Attchd,1968.0,RFn,2,487,TA,TA,Y,0,98,0,0,0,0,,GdPrv,,0,9,2006,WD,Normal,170000
79,80,50,RM,60.0,10440,Pave,Grvl,Reg,Lvl,AllPub,Corner,Gtl,OldTown,Norm,Norm,1Fam,2Story,5,6,1910,1981,Gable,CompShg,Wd Sdng,Wd Sdng,None,0.0,TA,TA,PConc,TA,TA,No,Unf,0,Unf,0,440,440,GasA,Gd,Y,SBrkr,682,548,0,1230,0,0,1,1,2,1,TA,5,Typ,0,,Detchd,1966.0,Unf,2,440,TA,TA,Y,74,0,128,0,0,0,,MnPrv,,0,5,2009,WD,Normal,110000
308,309,30,RL,,12342,Pave,,IR1,Lvl,AllPub,Inside,Gtl,Edwards,Norm,Norm,1Fam,1Story,4,5,1940,1950,Gable,CompShg,VinylSd,VinylSd,None,0.0,TA,TA,CBlock,TA,TA,No,BLQ,262,Unf,0,599,861,GasA,Ex,Y,SBrkr,861,0,0,861,0,0,1,0,1,1,TA,4,Typ,0,,Detchd,1961.0,Unf,2,539,TA,TA,Y,158,0,0,0,0,0,,,,0,3,2009,WD,Normal,82500
806,807,80,RL,75.0,9750,Pave,,Reg,Lvl,AllPub,Inside,Gtl,NAmes,Norm,Norm,1Fam,SLvl,5,5,1967,1967,Gable,CompShg,VinylSd,VinylSd,None,0.0,TA,TA,PConc,TA,TA,Av,ALQ,400,Rec,480,100,980,GasA,Gd,Y,SBrkr,980,0,0,980,0,0,2,0,3,1,TA,6,Typ,0,,Attchd,1967.0,Fin,1,384,TA,TA,Y,68,0,0,0,0,0,,,,0,10,2006,WD,Normal,135500
850,851,120,RM,36.0,4435,Pave,,Reg,Lvl,AllPub,Inside,Gtl,CollgCr,Norm,Norm,TwnhsE,1Story,6,5,2003,2003,Gable,CompShg,VinylSd,VinylSd,BrkFace,170.0,Gd,TA,PConc,Gd,TA,Av,GLQ,659,Unf,0,189,848,GasA,Ex,Y,SBrkr,848,0,0,848,1,0,1,0,1,1,Gd,3,Typ,0,,Attchd,2003.0,Fin,2,420,TA,TA,Y,140,0,0,0,0,0,,,,0,11,2007,WD,Normal,131500
1084,1085,60,RL,,13031,Pave,,IR2,Lvl,AllPub,Corner,Gtl,Gilbert,Norm,Norm,1Fam,2Story,6,5,1995,1996,Gable,CompShg,HdBoard,HdBoard,None,0.0,TA,TA,PConc,Gd,TA,No,ALQ,592,Unf,0,99,691,GasA,Gd,Y,SBrkr,691,807,0,1498,0,0,2,1,3,1,TA,6,Typ,1,TA,Attchd,1995.0,Fin,2,409,TA,TA,Y,315,44,0,0,0,0,,,,0,7,2006,WD,Normal,187500
955,956,90,RH,82.0,7136,Pave,,IR1,HLS,AllPub,Inside,Gtl,Crawfor,Norm,Norm,Duplex,2Story,6,6,1946,1950,Gable,CompShg,MetalSd,MetalSd,BrkFace,423.0,TA,TA,CBlock,Gd,TA,No,Rec,484,Unf,0,495,979,GasA,TA,N,FuseF,979,979,0,1958,0,0,2,0,4,2,TA,8,Typ,0,,Attchd,1946.0,Unf,2,492,TA,TA,Y,0,0,0,0,0,0,,,,0,8,2007,WD,Normal,145000
534,535,60,RL,74.0,9056,Pave,,IR1,Lvl,AllPub,Inside,Gtl,Gilbert,Norm,Norm,1Fam,2Story,8,5,2004,2004,Gable,CompShg,VinylSd,VinylSd,None,0.0,Gd,TA,PConc,Ex,Gd,Av,Unf,0,Unf,0,707,707,GasA,Ex,Y,SBrkr,707,707,0,1414,0,0,2,1,3,1,Gd,6,Typ,1,Gd,Attchd,2004.0,Fin,2,403,TA,TA,Y,100,35,0,0,0,0,,,,0,10,2006,WD,Normal,178000
740,741,70,RM,60.0,9600,Pave,Grvl,Reg,Lvl,AllPub,Inside,Gtl,OldTown,Norm,Norm,1Fam,2Story,5,7,1910,2002,Gable,CompShg,Wd Sdng,Wd Shng,None,0.0,TA,Gd,BrkTil,Fa,Fa,No,Unf,0,Unf,0,264,264,GasA,Ex,Y,SBrkr,768,664,0,1432,0,0,2,0,2,1,TA,7,Typ,0,,Detchd,1910.0,Unf,2,360,TA,Gd,Y,270,0,112,0,0,0,,GdPrv,,0,5,2007,WD,Abnorml,132000
406,407,50,RL,51.0,10480,Pave,,Reg,Lvl,AllPub,Inside,Gtl,SWISU,Norm,Norm,1Fam,1.5Fin,6,5,1936,1950,Gable,CompShg,MetalSd,MetalSd,None,0.0,TA,TA,BrkTil,TA,TA,No,Unf,0,Unf,0,1064,1064,GasA,Ex,Y,FuseA,1166,0,473,1639,0,0,1,0,3,1,TA,6,Maj2,0,,Detchd,1936.0,Unf,1,240,TA,TA,Y,0,0,0,0,0,0,,,,0,3,2008,WD,Normal,115000
1206,1207,20,RH,,8900,Pave,,Reg,Lvl,AllPub,Inside,Gtl,SawyerW,Norm,Norm,1Fam,1Story,4,4,1966,1966,Gable,CompShg,HdBoard,HdBoard,None,0.0,TA,TA,CBlock,TA,TA,No,Rec,1056,Unf,0,0,1056,GasA,TA,Y,SBrkr,1056,0,0,1056,1,0,1,0,2,1,TA,5,Typ,0,,Detchd,1966.0,Unf,1,384,TA,TA,Y,0,42,0,0,0,0,,MnPrv,,0,11,2006,WD,Normal,107000
972,973,120,RL,55.0,7892,Pave,,Reg,Lvl,AllPub,Inside,Gtl,SawyerW,Norm,Norm,TwnhsE,1Story,6,5,1979,1979,Gable,CompShg,Plywood,Plywood,None,0.0,TA,TA,CBlock,Gd,TA,No,Unf,0,Unf,0,918,918,GasA,TA,Y,SBrkr,918,0,0,918,0,0,2,0,2,1,TA,5,Typ,1,TA,Attchd,1979.0,Unf,1,264,TA,TA,Y,28,0,0,0,0,0,,,,0,4,2010,WD,Normal,99500
1357,1358,20,RL,,12537,Pave,,IR1,Lvl,AllPub,CulDSac,Gtl,NAmes,Norm,Norm,1Fam,1Story,5,6,1971,2008,Gable,CompShg,VinylSd,VinylSd,None,0.0,TA,TA,CBlock,TA,TA,No,GLQ,734,Unf,0,344,1078,GasA,Ex,Y,SBrkr,1078,0,0,1078,1,0,1,1,3,1,TA,6,Typ,1,Fa,Attchd,1971.0,Fin,2,500,TA,TA,Y,0,0,0,0,0,0,,,,0,4,2010,WD,Normal,149900
746,747,60,RL,,8795,Pave,,IR1,Lvl,AllPub,Inside,Gtl,Gilbert,Norm,Norm,1Fam,2Story,7,5,2000,2000,Gable,CompShg,VinylSd,VinylSd,None,0.0,Gd,TA,PConc,Gd,TA,No,GLQ,300,Unf,0,652,952,GasA,Ex,Y,SBrkr,980,1276,0,2256,0,0,2,1,4,1,Gd,8,Typ,1,TA,BuiltIn,2000.0,Fin,2,554,TA,TA,Y,224,54,0,0,0,0,,,,0,4,2009,WD,Normal,236000
1163,1164,90,RL,60.0,12900,Pave,,Reg,Lvl,AllPub,Inside,Gtl,Sawyer,Feedr,Norm,Duplex,SFoyer,4,4,1969,1969,Gable,CompShg,Plywood,Plywood,None,0.0,TA,TA,CBlock,Gd,TA,Av,GLQ,1198,Unf,0,0,1198,GasA,TA,Y,SBrkr,1258,0,0,1258,2,0,0,2,0,2,TA,6,Typ,0,,CarPort,1969.0,Unf,2,400,Fa,TA,Y,120,0,0,0,0,0,,,,0,1,2008,WD,Alloca,108959
582,583,90,RL,81.0,11841,Grvl,,Reg,Lvl,AllPub,Inside,Gtl,Edwards,Norm,Norm,Duplex,SFoyer,6,5,1990,1990,Gable,CompShg,HdBoard,HdBoard,BrkFace,104.0,TA,Gd,CBlock,Gd,TA,Av,GLQ,816,Unf,0,0,816,GasA,TA,Y,SBrkr,816,0,0,816,1,0,1,0,3,1,TA,5,Typ,0,,,,,0,0,,,Y,0,32,0,0,0,0,,,,0,5,2007,WD,Normal,118500
658,659,50,RL,78.0,17503,Pave,,Reg,Lvl,AllPub,Inside,Gtl,NAmes,Artery,Norm,1Fam,1.5Fin,6,5,1948,1950,Gable,CompShg,VinylSd,VinylSd,None,0.0,TA,TA,CBlock,TA,TA,No,Unf,0,Unf,0,912,912,GasA,TA,Y,SBrkr,912,546,0,1458,0,1,1,0,3,1,TA,6,Typ,1,Gd,Attchd,1948.0,Unf,1,330,TA,TA,Y,192,0,0,0,0,0,,,,0,1,2010,WD,Abnorml,97500
711,712,50,C (all),66.0,8712,Pave,Pave,Reg,HLS,AllPub,Inside,Mod,IDOTRR,Norm,Norm,1Fam,1.5Fin,4,7,1900,1950,Gable,CompShg,MetalSd,MetalSd,None,0.0,TA,TA,Stone,TA,TA,Mn,Unf,0,Unf,0,859,859,GasA,Gd,Y,SBrkr,859,319,0,1178,0,0,1,0,2,1,TA,7,Typ,0,,Detchd,1964.0,RFn,1,384,TA,TA,N,68,0,98,0,0,0,,,,0,1,2010,WD,Abnorml,102776
1119,1120,20,RL,70.0,7560,Pave,,Reg,Lvl,AllPub,Inside,Gtl,NAmes,Norm,Norm,1Fam,1Story,5,5,1959,1959,Gable,CompShg,BrkFace,Wd Sdng,None,0.0,TA,TA,CBlock,TA,TA,No,LwQ,369,Unf,0,671,1040,GasA,TA,Y,FuseA,1040,0,0,1040,0,0,1,0,3,1,TA,6,Typ,0,,Attchd,1959.0,RFn,1,286,TA,TA,Y,140,0,252,0,0,0,,GdWo,,0,7,2006,WD,Normal,133700
897,898,90,RL,64.0,7018,Pave,,Reg,Lvl,AllPub,Inside,Gtl,SawyerW,Feedr,Norm,Duplex,2Story,5,5,1979,1979,Gable,CompShg,Plywood,Plywood,None,0.0,TA,TA,Slab,,,,,0,,0,0,0,GasA,TA,Y,SBrkr,1120,1120,0,2240,0,0,2,0,6,2,TA,12,Typ,0,,Detchd,1979.0,Unf,2,528,TA,TA,Y,154,0,0,0,0,0,,,,0,6,2009,WD,Alloca,142953
1258,1259,80,RL,59.0,9587,Pave,,IR1,Lvl,AllPub,Inside,Gtl,Gilbert,Norm,Norm,1Fam,SLvl,7,5,2005,2005,Gable,CompShg,VinylSd,VinylSd,Stone,182.0,Gd,TA,PConc,Gd,TA,Gd,GLQ,655,Unf,0,201,856,GasA,Ex,Y,SBrkr,1166,0,0,1166,1,0,2,0,2,1,Gd,5,Typ,0,,Attchd,2005.0,Fin,2,400,TA,TA,Y,212,0,0,0,0,0,,,,0,7,2008,WD,Normal,190000
1318,1319,20,RL,,14781,Pave,,IR2,Lvl,AllPub,CulDSac,Gtl,CollgCr,Norm,Norm,1Fam,1Story,8,5,2001,2002,Hip,CompShg,VinylSd,VinylSd,BrkFace,178.0,Gd,TA,PConc,Gd,TA,Gd,Unf,0,Unf,0,1753,1753,GasA,Ex,Y,SBrkr,1787,0,0,1787,0,0,2,0,3,1,Gd,7,Typ,1,TA,Attchd,2001.0,RFn,3,748,TA,TA,Y,198,150,0,0,0,0,,,,0,8,2006,WD,Normal,275000
1181,1182,120,RM,64.0,5587,Pave,,IR1,HLS,AllPub,Inside,Mod,Crawfor,Norm,Norm,TwnhsE,1Story,8,5,2008,2008,Hip,CompShg,CemntBd,CmentBd,Stone,186.0,Ex,TA,PConc,Ex,TA,Gd,GLQ,1480,Unf,0,120,1600,GasA,Ex,Y,SBrkr,1652,0,0,1652,1,1,2,0,2,1,Gd,5,Typ,1,Gd,Attchd,2008.0,Fin,2,482,TA,TA,Y,162,53,0,153,0,0,,,,0,11,2008,New,Partial,392500
1411,1412,50,RL,80.0,9600,Pave,,Reg,Lvl,AllPub,Inside,Gtl,NAmes,Norm,Norm,1Fam,1.5Fin,6,8,1950,2005,Gable,CompShg,VinylSd,VinylSd,None,0.0,TA,Gd,CBlock,TA,TA,No,BLQ,120,Unf,0,736,856,GasA,Ex,Y,SBrkr,1112,556,0,1668,0,0,1,1,3,1,TA,6,Min2,0,,Attchd,1950.0,Unf,1,271,TA,TA,Y,0,0,0,0,0,0,,MnPrv,,0,9,2009,WD,Normal,140000
191,192,60,RL,,7472,Pave,,IR1,Lvl,AllPub,CulDSac,Gtl,NAmes,Norm,Norm,1Fam,2Story,7,9,1972,2004,Gable,CompShg,HdBoard,HdBoard,BrkFace,138.0,TA,TA,CBlock,TA,TA,No,ALQ,626,Unf,0,99,725,GasA,Gd,Y,SBrkr,725,754,0,1479,1,0,1,1,4,1,Gd,7,Typ,0,,Attchd,1972.0,Fin,2,484,TA,TA,Y,0,32,0,0,0,0,,,,0,6,2007,WD,Normal,184000
445,446,20,RL,73.0,9855,Pave,,Reg,Lvl,AllPub,Corner,Gtl,Edwards,Norm,Norm,1Fam,1Story,6,5,1956,1956,Hip,CompShg,Wd Sdng,Wd Sdng,None,0.0,TA,TA,CBlock,TA,TA,No,Unf,0,Unf,0,1436,1436,GasA,Fa,Y,SBrkr,1689,0,0,1689,0,0,1,0,3,1,TA,7,Typ,1,Gd,Attchd,1956.0,Unf,2,480,TA,TA,Y,0,0,0,0,0,0,,MnPrv,,0,11,2009,COD,Normal,127500
684,685,60,RL,58.0,16770,Pave,,IR2,Lvl,AllPub,CulDSac,Gtl,NoRidge,Norm,Norm,1Fam,2Story,7,5,1998,1998,Gable,CompShg,VinylSd,VinylSd,BrkFace,30.0,Gd,TA,PConc,Gd,TA,No,Unf,0,Unf,0,1195,1195,GasA,Gd,Y,SBrkr,1195,644,0,1839,0,0,2,1,4,1,TA,7,Typ,0,,Attchd,1998.0,Fin,2,486,TA,TA,Y,0,81,0,0,0,0,,,,0,6,2010,WD,Normal,221000
1158,1159,20,RL,92.0,11932,Pave,,Reg,Lvl,AllPub,FR2,Gtl,Somerst,Feedr,Norm,1Fam,1Story,8,5,2007,2008,Gable,CompShg,VinylSd,VinylSd,Stone,186.0,Gd,TA,PConc,Gd,TA,No,Unf,0,Unf,0,1580,1580,GasA,Ex,Y,SBrkr,1580,0,0,1580,0,0,2,0,3,1,Gd,7,Typ,0,,Attchd,2008.0,RFn,3,830,TA,TA,Y,0,24,0,0,0,0,,,,0,6,2008,ConLD,Partial,235128
332,333,20,RL,85.0,10655,Pave,,IR1,Lvl,AllPub,Inside,Gtl,NridgHt,Norm,Norm,1Fam,1Story,8,5,2003,2004,Gable,CompShg,VinylSd,VinylSd,BrkFace,296.0,Gd,TA,PConc,Gd,TA,No,GLQ,1124,,479,1603,3206,GasA,Ex,Y,SBrkr,1629,0,0,1629,1,0,2,0,3,1,Gd,7,Typ,1,Gd,Attchd,2003.0,RFn,3,880,TA,TA,Y,0,0,0,0,0,0,,,,0,10,2009,WD,Normal,284000
199,200,20,RL,76.0,9591,Pave,,Reg,Lvl,AllPub,Inside,Gtl,NridgHt,Norm,Norm,1Fam,1Story,8,5,2004,2005,Hip,CompShg,VinylSd,VinylSd,BrkFace,262.0,Gd,TA,PConc,Ex,TA,Av,GLQ,1088,Unf,0,625,1713,GasA,Ex,Y,SBrkr,1713,0,0,1713,1,0,2,0,3,1,Ex,7,Typ,1,Gd,Attchd,2004.0,Fin,3,856,TA,TA,Y,0,26,0,0,170,0,,,,0,1,2009,WD,Normal,274900
1050,1051,20,RL,73.0,8993,Pave,,IR1,Lvl,AllPub,Inside,Gtl,Gilbert,Norm,Norm,1Fam,1Story,7,5,2007,2007,Gable,CompShg,VinylSd,VinylSd,None,0.0,Gd,TA,PConc,Gd,TA,Av,Unf,0,Unf,0,1302,1302,GasA,Ex,Y,SBrkr,1302,0,0,1302,0,0,2,0,3,1,Gd,6,Typ,0,,Attchd,2007.0,Fin,2,436,TA,TA,Y,0,22,0,0,0,0,,,,0,8,2007,New,Partial,176485
14,15,20,RL,,10920,Pave,,IR1,Lvl,AllPub,Corner,Gtl,NAmes,Norm,Norm,1Fam,1Story,6,5,1960,1960,Hip,CompShg,MetalSd,MetalSd,BrkFace,212.0,TA,TA,CBlock,TA,TA,No,BLQ,733,Unf,0,520,1253,GasA,TA,Y,SBrkr,1253,0,0,1253,1,0,1,1,2,1,TA,5,Typ,1,Fa,Attchd,1960.0,RFn,1,352,TA,TA,Y,0,213,176,0,0,0,,GdWo,,0,5,2008,WD,Normal,157000
940,941,90,RL,55.0,12640,Pave,,IR1,Lvl,AllPub,Inside,Gtl,Mitchel,Norm,Norm,Duplex,1Story,6,5,1976,1976,Gable,CompShg,Plywood,Plywood,None,0.0,TA,TA,CBlock,TA,TA,Gd,Rec,936,LwQ,396,396,1728,GasA,TA,Y,SBrkr,1728,0,0,1728,0,0,2,0,4,2,TA,8,Typ,0,,Attchd,1976.0,Unf,2,574,TA,TA,Y,40,0,0,0,0,0,,,,0,7,2006,WD,Normal,150900
704,705,20,RL,70.0,8400,Pave,,Reg,Lvl,AllPub,Inside,Gtl,CollgCr,Norm,Norm,1Fam,1Story,7,5,2004,2005,Gable,CompShg,VinylSd,VinylSd,BrkFace,109.0,Gd,TA,PConc,Gd,TA,Av,GLQ,712,Unf,0,761,1473,GasA,Ex,Y,SBrkr,1484,0,0,1484,1,0,2,0,3,1,Gd,7,Typ,0,,Attchd,2004.0,RFn,2,606,TA,TA,Y,0,35,0,144,0,0,,,,0,5,2010,WD,Normal,213000
146,147,30,RM,51.0,6120,Pave,,Reg,Lvl,AllPub,Corner,Gtl,BrkSide,Norm,Norm,1Fam,1Story,5,7,1931,1993,Gable,CompShg,Wd Sdng,Wd Sdng,None,0.0,TA,TA,BrkTil,TA,TA,No,BLQ,209,Unf,0,506,715,GasA,TA,Y,FuseA,875,0,0,875,1,0,1,0,2,1,TA,5,Typ,0,,Detchd,1931.0,Unf,1,180,Fa,TA,Y,48,0,0,0,0,0,,,,0,11,2009,WD,Normal,105000
197,198,75,RL,174.0,25419,Pave,,Reg,Lvl,AllPub,Corner,Gtl,NAmes,Artery,Norm,1Fam,2Story,8,4,1918,1990,Gable,CompShg,Stucco,Stucco,None,0.0,Gd,Gd,PConc,TA,TA,No,GLQ,1036,LwQ,184,140,1360,GasA,Gd,Y,SBrkr,1360,1360,392,3112,1,1,2,0,4,1,Gd,8,Typ,1,Ex,Detchd,1918.0,Unf,2,795,TA,TA,Y,0,16,552,0,0,512,Ex,GdPrv,,0,3,2006,WD,Abnorml,235000
223,224,20,RL,70.0,10500,Pave,,Reg,Lvl,AllPub,FR2,Gtl,NAmes,Norm,Norm,1Fam,1Story,4,6,1971,1971,Gable,CompShg,HdBoard,HdBoard,None,0.0,TA,TA,CBlock,TA,TA,No,ALQ,524,LwQ,180,160,864,GasA,Gd,Y,SBrkr,864,0,0,864,0,0,1,0,2,1,TA,4,Typ,0,,Detchd,1989.0,Unf,2,576,TA,TA,Y,216,0,0,0,0,0,,,,0,3,2009,WD,Abnorml,97000
264,265,30,RM,30.0,5232,Pave,Grvl,IR3,Bnk,AllPub,Inside,Gtl,OldTown,Artery,Norm,1Fam,1Story,5,5,1925,2004,Gable,CompShg,Wd Sdng,Wd Sdng,None,0.0,TA,TA,BrkTil,Fa,TA,No,Unf,0,Unf,0,680,680,GasA,Gd,N,FuseP,764,0,0,764,0,0,1,0,2,1,TA,4,Typ,0,,Detchd,1965.0,Unf,2,504,TA,TA,N,0,0,0,0,0,0,,,,0,6,2008,WD,Normal,73000
1227,1228,20,RL,72.0,8872,Pave,,Reg,Lvl,AllPub,Corner,Gtl,NAmes,Norm,Norm,1Fam,1Story,5,8,1965,2008,Gable,CompShg,VinylSd,VinylSd,BrkFace,300.0,TA,TA,CBlock,TA,TA,No,ALQ,595,Unf,0,317,912,GasA,Ex,Y,SBrkr,912,0,0,912,1,0,1,0,2,1,Gd,5,Typ,0,,Detchd,1992.0,Unf,2,576,TA,TA,Y,0,240,0,0,0,0,,,,0,12,2008,WD,Normal,147000
810,811,20,RL,78.0,10140,Pave,,Reg,Lvl,AllPub,Inside,Gtl,NWAmes,Norm,Norm,1Fam,1Story,6,6,1974,1999,Hip,CompShg,HdBoard,HdBoard,BrkFace,99.0,TA,TA,CBlock,TA,TA,No,ALQ,663,LwQ,377,0,1040,GasA,Fa,Y,SBrkr,1309,0,0,1309,1,0,1,1,3,1,Gd,5,Typ,1,Fa,Attchd,1974.0,RFn,2,484,TA,TA,Y,265,0,0,0,0,648,Fa,GdPrv,,0,1,2006,WD,Normal,181000
